station_id,timestamp,temp_c,humidity_percent,wind_kmh
YK-01,2025/01/01,-11.4,83,9
YK-01,2025-01-01,-5.9,65,10
YK-01,2025/01/01,-6.5,90,4
YK-01,2025-01-01 12:14:00,-16.3,62,13
YK-01,2025-01-01 16:42:24,-11.9,72,4
YK-01,2025-01-01 08:07PM,-6.9,61,1
YK-01,2025/01/02,-5.2,76,3
YK-01,2025-01-02 04:38AM,-15.3,71,13
YK-01,2025-01-02 08:57AM,-7.1,81,6
YK-01,2025-01-02,-9.4,76,3
YK-01,2025-01-02 04:22PM,-17.8,51,4
YK-01,2025-01-02 08:10PM,-6.6,94,15
YK-01,2025-01-03 12:10AM,-10.2,82,6
YK-01,2025-01-03,-21.5,75,9
YK-01,2025-01-03 08:52:00.90,-12.8,77,27
YK-01,2025-01-03 12:35PM,-10.8,68,4
YK-01,2025-01-03,-14.7,92,15
YK-01,2025-01-03,-3.7,54,4
YK-01,2025-01-04 12:02AM,-3.2,82,8
YK-01,2025/01/04,-13.1,69,14
YK-01,2025-01-04,-13.7,79,6
YK-01,2025-01-04 12:01PM,-11.5,94,2
YK-01,2025-01-04 16:23:39.25,-12.0,57,5
YK-01,2025/01/04,-14.3,87,1
YK-01,2025-01-05 00:29:07,-32.7,66,13
YK-01,2025-01-05 04:37:00.41,0.1,93,20
YK-01,2025-01-05 08:01:27.15,-10.5,50,6
YK-01,2025/01/05,-11.5,52,4
YK-01,2025-01-05 04:20PM,-8.5,95,12
YK-01,2025-01-05 08:32PM,-10.9,75,25
YK-01,2025-01-06 00:11,-12.7,80,13
YK-01,2025-01-06 04:57:00,-16.2,57,8
YK-01,2025-01-06,-21.2,92,2
YK-01,2025-01-06 12:43,-18.3,95,2
YK-01,2025-01-06 16:24,-16.8,57,6
YK-01,2025/01/06,-6.2,84,7
YK-01,2025-01-07 00:26:00,-5.5,88,5
YK-01,2025/01/07,-15.1,77,4
YK-01,2025-01-07,-25.8,53,4
YK-01,2025-01-07,-9.8,65,6
YK-01,2025/01/07,-12.4,62,8
YK-01,2025-01-07,-12.5,69,29
YK-01,2025-01-08 00:14:17.49,-3.8,54,1
YK-01,2025-01-08 04:46:00.56,-8.7,86,12
YK-01,2025-01-08 08:50AM,-15.4,69,4
YK-01,2025/01/08,-16.8,73,3
YK-01,2025-01-08 16:54:00.45,-11.1,85,5
YK-01,2025-01-08 20:51:00.28,-15.0,83,8
YK-01,2025/01/09,-9.7,94,1
YK-01,2025-01-09 04:02:00,-3.1,83,13
YK-01,2025/01/09,-17.5,68,8
YK-01,2025-01-09,-8.7,66,7
YK-01,2025/01/09,-3.7,54,5
YK-01,2025-01-09 20:20:00,-9.7,74,0
YK-01,2025/01/10,-4.6,67,4
YK-01,2025-01-10,-10.6,57,6
YK-01,2025-01-10 08:17AM,-7.9,76,18
YK-01,2025/01/10,-6.3,64,6
YK-01,2025-01-10,-12.4,94,7
YK-01,2025-01-10 20:59:00.10,3.0,62,3
YK-01,2025-01-11,-5.1,65,6
YK-01,2025/01/11,-0.8,71,2
YK-01,2025-01-11 08:57,-2.2,69,5
YK-01,2025-01-11,-6.7,62,11
YK-01,2025/01/11,-0.3,69,6
YK-01,2025-01-11,-7.5,51,6
YK-01,2025-01-12 12:01AM,-12.7,84,11
YK-01,2025-01-12 04:19,-8.2,68,11
YK-01,2025-01-12,-14.3,94,1
YK-01,2025-01-12 12:46,-20.9,86,12
YK-01,2025-01-12 04:59PM,-13.4,55,17
YK-01,2025-01-12 20:06,-7.9,63,4
YK-01,2025-01-13 00:43:00,-1.6,53,5
YK-01,2025-01-13,-13.1,71,6
YK-01,2025-01-13,-1.9,88,3
YK-01,2025-01-13 12:34:00,-15.3,85,15
YK-01,2025-01-13 16:13:06.54,-13.5,83,19
YK-01,2025/01/13,0.7,76,13
YK-01,2025/01/14,-7.4,56,1
YK-01,2025-01-14 04:49AM,-8.7,52,4
YK-01,2025-01-14 08:39,-6.3,82,5
YK-01,2025-01-14,-14.9,51,6
YK-01,2025/01/14,-9.7,91,8
YK-01,2025-01-14,-7.7,65,7
YK-01,2025/01/15,-0.0,74,7
YK-01,2025-01-15,-17.4,64,13
YK-01,2025-01-15,3.2,73,10
YK-01,2025-01-15,-8.2,64,6
YK-01,2025-01-15 16:28:53,-14.1,80,11
YK-01,2025-01-15 20:17,-15.2,63,8
YK-01,2025-01-16 12:25AM,-5.5,63,12
YK-01,2025-01-16 04:43:06,-15.2,55,18
YK-01,2025-01-16 08:33:00.49,-10.5,63,14
YK-01,2025-01-16,-8.6,66,2
YK-01,2025/01/16,-0.2,67,6
YK-01,2025-01-16,-1.0,69,9
YK-01,2025-01-17 00:30,-10.7,66,2
YK-01,2025/01/17,-8.1,65,9
YK-01,2025-01-17 08:14AM,-16.4,89,9
YK-01,2025-01-17 12:07,-19.0,88,2
YK-01,2025-01-17 16:13:00,-14.2,81,6
YK-01,2025-01-17 20:22,-0.1,93,9
YK-01,2025/01/18,-1.8,58,17
YK-01,2025/01/18,-4.2,76,7
YK-01,2025-01-18,-15.3,95,2
YK-01,2025-01-18,-10.8,82,2
YK-01,2025/01/18,-11.7,59,5
YK-01,2025-01-18,-7.5,66,9
YK-01,2025-01-19,-7.6,85,10
YK-01,2025/01/19,-12.2,66,2
YK-01,2025-01-19 08:52,-4.1,67,9
YK-01,2025-01-19 12:23,-4.8,72,1
YK-01,2025-01-19,-10.6,83,4
YK-01,2025/01/19,-4.4,57,9
YK-01,2025-01-20 12:59AM,0.8,62,15
YK-01,2025-01-20,2.6,72,2
YK-01,2025-01-20,-3.0,69,8
YK-01,2025-01-20,-3.2,71,5
YK-01,2025/01/20,-7.4,72,1
YK-01,2025-01-20,0.2,90,2
YK-01,2025-01-21,-12.1,84,8
YK-01,2025-01-21 04:44AM,-0.2,52,21
YK-01,2025/01/21,-7.4,83,7
YK-01,2025-01-21 12:24:47.87,3.3,82,34
YK-01,2025-01-21 04:06PM,-2.1,95,11
YK-01,2025/01/21,-6.0,66,3
YK-01,2025/01/22,-6.8,94,12
YK-01,2025/01/22,-2.2,68,2
YK-01,2025-01-22 08:43:00,-2.5,79,7
YK-01,2025/01/22,-7.7,72,7
YK-01,2025-01-22,-4.8,64,7
YK-01,2025-01-22 08:10PM,0.0,63,2
YK-01,2025-01-23,-13.2,51,0
YK-01,2025-01-23,-0.7,88,5
YK-01,2025-01-23 08:07,-1.9,67,9
YK-01,2025-01-23,2.1,55,17
YK-01,2025/01/23,-9.4,81,9
YK-01,2025-01-23,-5.0,70,2
YK-01,2025/01/24,-3.5,89,6
YK-01,2025-01-24 04:04:00.26,-0.3,77,6
YK-01,2025/01/24,-2.2,76,15
YK-01,2025-01-24 12:38PM,-12.2,51,9
YK-01,2025-01-24 16:57:00,-3.0,82,3
YK-01,2025-01-24 20:40:00.95,7.2,65,4
YK-01,2025-01-25,-0.8,88,11
YK-01,2025/01/25,5.3,71,8
YK-01,2025-01-25 08:08:00,1.8,92,7
YK-01,2025-01-25 12:07:46,3.7,62,6
YK-01,2025-01-25 16:11:00.74,-2.6,51,11
YK-01,2025/01/25,-1.4,63,5
YK-01,2025-01-26 00:32,-2.7,87,4
YK-01,2025-01-26 04:47:23,-4.2,90,13
YK-01,2025-01-26 08:54,0.2,77,0
YK-01,2025/01/26,-7.3,56,3
YK-01,2025/01/26,7.1,67,4
YK-01,2025-01-26 20:36:00,-9.8,90,13
YK-01,2025-01-27,0.9,85,8
YK-01,2025/01/27,4.3,90,2
YK-01,2025-01-27,-5.0,85,2
YK-01,2025-01-27 12:21,-10.6,93,13
YK-01,2025-01-27 16:26,3.0,53,2
YK-01,2025-01-27 20:34:00,-2.7,79,4
YK-01,2025-01-28,1.2,73,5
YK-01,2025/01/28,-4.3,69,10
YK-01,2025-01-28 08:36AM,6.7,95,4
YK-01,2025-01-28 12:46,-16.4,80,2
YK-01,2025/01/28,-1.4,73,10
YK-01,2025/01/28,4.4,56,10
YK-01,2025-01-29 12:00AM,-2.8,75,18
YK-01,2025-01-29 04:04:00.67,-1.6,62,8
YK-01,2025-01-29 08:25:00.03,-6.0,57,2
YK-01,2025/01/29,-3.3,54,18
YK-01,2025-01-29 16:13:00.41,-13.4,93,5
YK-01,2025-01-29,-7.7,62,12
YK-01,2025-01-30 00:26:00,-7.8,78,17
YK-01,2025-01-30 04:08AM,0.9,69,7
YK-01,2025-01-30 08:14,-6.5,63,6
YK-01,2025-01-30 12:14PM,-6.4,81,8
YK-01,2025-01-30 16:25,-5.4,76,9
YK-01,2025-01-30 20:41:00.72,-7.6,74,13
YK-01,2025-01-31 00:59:00.41,-1.2,53,6
YK-01,2025-01-31 04:12:00,-0.6,70,7
YK-01,2025-01-31,2.1,67,4
YK-01,2025/01/31,1.1,88,4
YK-01,2025-01-31,0.5,64,3
YK-01,2025/01/31,-4.8,87,5
YK-01,2025-02-01 12:51AM,-4.9,73,3
YK-01,2025-02-01 04:31:00,-7.8,57,12
YK-01,2025-02-01,-7.9,77,10
YK-01,2025-02-01 12:29:00.26,-1.4,70,6
YK-01,2025-02-01,-6.9,65,8
YK-01,2025/02/01,6.2,65,3
YK-01,2025-02-02 00:38:36,-2.5,84,6
YK-01,2025-02-02 04:44,6.7,66,14
YK-01,2025/02/02,1.1,58,14
YK-01,2025-02-02,-7.0,84,19
YK-01,2025-02-02 16:28:48,-2.7,78,12
YK-01,2025/02/02,-12.4,88,8
YK-01,2025-02-03,-0.9,67,12
YK-01,2025-02-03,-6.2,61,2
YK-01,2025-02-03 08:06AM,-8.7,68,11
YK-01,2025-02-03 12:58PM,7.1,71,12
YK-01,2025-02-03 16:50:00,4.1,64,6
YK-01,2025/02/03,4.0,50,7
YK-01,2025-02-04 00:27,2.9,51,5
YK-01,2025-02-04,-9.2,57,6
YK-01,2025-02-04 08:41AM,-4.2,71,8
YK-01,2025-02-04 12:44PM,-3.8,74,8
YK-01,2025/02/04,-12.1,51,3
YK-01,2025/02/04,-5.1,58,4
YK-01,2025/02/05,-4.8,58,10
YK-01,2025-02-05,-0.8,62,9
YK-01,2025/02/05,13.6,55,3
YK-01,2025-02-05 12:43PM,-1.7,79,6
YK-01,2025/02/05,-0.8,64,20
YK-01,2025-02-05,-3.1,64,1
YK-01,2025/02/06,3.1,56,0
YK-01,2025-02-06 04:10:00,-7.7,60,1
YK-01,2025/02/06,10.1,89,26
YK-01,2025-02-06 12:54PM,-2.0,87,3
YK-01,2025-02-06 04:27PM,-3.7,89,5
YK-01,2025-02-06 20:24:00,4.5,51,10
YK-01,2025-02-07 00:38:00.67,-6.4,88,9
YK-01,2025-02-07 04:32,3.3,59,5
YK-01,2025-02-07 08:00AM,7.4,93,17
YK-01,2025-02-07 12:56,-2.5,66,11
YK-01,2025-02-07,11.3,56,4
YK-01,2025-02-07 20:56:00.15,2.8,89,3
YK-01,2025-02-08,3.1,88,7
YK-01,2025-02-08 04:12,7.4,53,12
YK-01,2025-02-08 08:40:00.98,9.0,84,21
YK-01,2025/02/08,0.8,85,8
YK-01,2025/02/08,4.0,80,5
YK-01,2025/02/08,7.6,74,16
YK-01,2025-02-09 12:07AM,-7.5,90,14
YK-01,2025-02-09 04:26AM,-10.9,62,11
YK-01,2025/02/09,-0.9,67,2
YK-01,2025-02-09 12:36:32,-11.1,70,5
YK-01,2025-02-09 16:32:00,-2.5,50,6
YK-01,2025-02-09 20:50:00,1.3,85,11
YK-01,2025-02-10 00:41:00,-2.0,57,1
YK-01,2025-02-10,-1.2,70,5
YK-01,2025-02-10 08:23:00.84,-6.3,92,7
YK-01,2025-02-10,4.4,70,6
YK-01,2025-02-10 04:58PM,-6.7,76,19
YK-01,2025/02/10,-12.9,68,13
YK-01,2025-02-11 00:31:00,-1.3,72,13
YK-01,2025-02-11,5.4,92,5
YK-01,2025/02/11,0.4,84,8
YK-01,2025-02-11,-7.1,89,3
YK-01,2025/02/11,0.5,91,3
YK-01,2025-02-11,2.5,54,13
YK-01,2025-02-12,0.7,90,12
YK-01,2025-02-12 04:57,-1.5,57,3
YK-01,2025/02/12,3.0,60,7
YK-01,2025-02-12,-10.3,65,2
YK-01,2025-02-12 04:38PM,-5.2,88,10
YK-01,2025-02-12,-7.7,73,3
YK-01,2025-02-13,8.5,70,7
YK-01,2025-02-13 04:48AM,4.6,72,20
YK-01,2025/02/13,1.5,87,3
YK-01,2025-02-13 12:48PM,-8.3,57,9
YK-01,2025-02-13,4.8,56,6
YK-01,2025-02-13 20:16:00.85,8.7,51,2
YK-01,2025-02-14 12:58AM,4.0,79,4
YK-01,2025-02-14,0.4,62,9
YK-01,2025-02-14 08:01,4.4,72,6
YK-01,2025-02-14,2.2,78,17
YK-01,2025-02-14 16:27:00,6.1,87,9
YK-01,2025/02/14,6.0,86,3
YK-01,2025-02-15 00:22,-0.5,69,12
YK-01,2025-02-15,-3.2,82,13
YK-01,2025-02-15 08:31AM,-1.6,78,8
YK-01,2025-02-15,4.0,64,10
YK-01,2025-02-15 16:00,-1.2,72,8
YK-01,2025-02-15,-3.7,91,15
YK-01,2025-02-16 00:01:00.90,1.0,52,14
YK-01,2025-02-16 04:52:00.29,7.7,86,2
YK-01,2025-02-16 08:43:00,1.8,78,1
YK-01,2025-02-16 12:25:00,-0.6,94,6
YK-01,2025/02/16,2.9,57,12
YK-01,2025/02/16,1.5,71,15
YK-01,2025/02/17,-10.4,78,5
YK-01,2025-02-17 04:54,5.4,51,6
YK-01,2025-02-17 08:03AM,3.7,90,5
YK-01,2025-02-17 12:54:33.21,1.3,94,6
YK-01,2025-02-17 16:10,7.6,50,8
YK-01,2025-02-17,8.5,93,5
YK-01,2025-02-18 12:58AM,6.2,69,5
YK-01,2025-02-18,-3.7,70,9
YK-01,2025-02-18,-3.5,86,2
YK-01,2025-02-18 12:23PM,8.1,57,22
YK-01,2025-02-18,-9.8,76,11
YK-01,2025-02-18 20:51,0.5,84,16
YK-01,2025-02-19,4.3,55,3
YK-01,2025-02-19 04:05:05.17,-8.9,94,4
YK-01,2025-02-19,3.0,93,0
YK-01,2025-02-19,7.4,68,7
YK-01,2025-02-19 16:47:00.61,-7.3,67,7
YK-01,2025-02-19,11.6,50,8
YK-01,2025-02-20 00:32,-4.2,74,1
YK-01,2025-02-20 04:08,5.3,76,7
YK-01,2025/02/20,1.3,56,9
YK-01,2025-02-20 12:58:49,2.3,93,10
YK-01,2025/02/20,-5.9,91,4
YK-01,2025-02-20,9.4,78,24
YK-01,2025-02-21 00:28,4.0,80,6
YK-01,2025/02/21,11.8,93,7
YK-01,2025-02-21,-5.5,92,5
YK-01,2025-02-21,1.0,85,4
YK-01,2025-02-21 16:58:00.57,3.3,68,11
YK-01,2025-02-21 20:35:00,2.4,55,1
YK-01,2025-02-22 00:18:00.50,6.2,74,11
YK-01,2025/02/22,1.1,80,7
YK-01,2025/02/22,15.0,58,6
YK-01,2025-02-22,2.5,69,2
YK-01,2025-02-22 16:19:00.46,-15.1,59,7
YK-01,2025-02-22,2.7,86,11
YK-01,2025-02-23 12:06AM,10.0,76,8
YK-01,2025-02-23,-3.1,62,6
YK-01,2025-02-23 08:40:00,-3.5,90,6
YK-01,2025-02-23 12:32,-2.6,51,5
YK-01,2025-02-23,-4.0,70,2
YK-01,2025-02-23 20:38:00.77,-0.5,82,10
YK-01,2025-02-24 00:17:00,8.1,73,8
YK-01,2025-02-24,11.8,93,11
YK-01,2025-02-24 08:00:00,-11.9,91,5
YK-01,2025-02-24,0.3,83,6
YK-01,2025-02-24 16:27,4.4,58,2
YK-01,2025-02-24,3.8,51,1
YK-01,2025-02-25,14.2,79,7
YK-01,2025-02-25 04:49:00.95,-9.3,71,1
YK-01,2025/02/25,-12.8,95,9
YK-01,2025-02-25,15.2,60,4
YK-01,2025-02-25,7.3,92,26
YK-01,2025/02/25,-0.6,66,7
YK-01,2025-02-26 00:34:00.17,4.0,85,10
YK-01,2025-02-26 04:06AM,4.4,62,4
YK-01,2025/02/26,-0.6,56,15
YK-01,2025-02-26 12:15,3.8,65,15
YK-01,2025/02/26,5.1,82,13
YK-01,2025-02-26 20:47:00.57,15.0,94,23
YK-01,2025-02-27,8.9,50,3
YK-01,2025-02-27 04:51:00.88,13.6,60,11
YK-01,2025/02/27,-4.9,55,3
YK-01,2025-02-27 12:48,1.0,69,3
YK-01,2025-02-27 16:01:00,4.6,84,7
YK-01,2025/02/27,-8.4,93,8
YK-01,2025-02-28,10.4,86,6
YK-01,2025/02/28,7.1,90,2
YK-01,2025/02/28,1.1,75,7
YK-01,2025-02-28 12:36:00,2.2,61,7
YK-01,2025-02-28,10.8,79,3
YK-01,2025-02-28 20:58:00,-1.5,77,17
YK-01,2025-03-01 00:54:00,11.2,76,22
YK-01,2025-03-01,1.9,91,7
YK-01,2025-03-01,8.0,68,0
YK-01,2025-03-01,4.0,54,7
YK-01,2025-03-01 04:18PM,16.9,54,14
YK-01,2025-03-01,-1.9,90,7
YK-01,2025/03/02,0.2,76,6
YK-01,2025-03-02,-5.4,77,11
YK-01,2025-03-02 08:19:00.34,-3.0,75,27
YK-01,2025-03-02 12:23:00,7.9,76,9
YK-01,2025-03-02,13.2,91,7
YK-01,2025/03/02,8.6,70,16
YK-01,2025-03-03,3.7,50,9
YK-01,2025-03-03,-1.6,77,20
YK-01,2025-03-03 08:51:33.97,9.2,64,3
YK-01,2025-03-03 12:10,-1.9,66,3
YK-01,2025-03-03 16:48:00,-4.3,75,3
YK-01,2025-03-03 20:07:00.42,1.9,69,12
YK-01,2025-03-04 00:35:00,-8.3,74,9
YK-01,2025/03/04,-4.4,62,5
YK-01,2025-03-04,15.2,82,9
YK-01,2025-03-04 12:19,-5.5,74,14
YK-01,2025-03-04,-3.2,57,5
YK-01,2025/03/04,4.3,54,11
YK-01,2025-03-05 00:24:50,4.8,55,5
YK-01,2025/03/05,2.6,72,2
YK-01,2025-03-05 08:24:00,-8.0,79,7
YK-01,2025/03/05,9.1,63,1
YK-01,2025-03-05 16:17:52,1.4,72,5
YK-01,2025-03-05,11.4,60,7
YK-01,2025-03-06 00:17:00,0.3,80,3
YK-01,2025-03-06,10.1,55,10
YK-01,2025/03/06,12.0,60,6
YK-01,2025-03-06 12:34PM,1.4,62,10
YK-01,2025/03/06,9.5,61,7
YK-01,2025-03-06,-3.8,51,6
YK-01,2025-03-07,5.9,84,3
YK-01,2025-03-07 04:32:00,11.7,85,7
YK-01,2025-03-07 08:03:00.38,7.4,66,8
YK-01,2025-03-07 12:32:00,18.8,77,9
YK-01,2025-03-07,7.8,77,8
YK-01,2025/03/07,2.1,71,2
YK-01,2025-03-08,21.5,87,13
YK-01,2025/03/08,14.3,56,9
YK-01,2025-03-08,-5.2,64,7
YK-01,2025/03/08,-0.3,81,9
YK-01,2025-03-08,-1.8,60,10
YK-01,2025-03-08,8.3,73,22
YK-01,2025-03-09,8.0,52,4
YK-01,2025/03/09,8.0,79,4
YK-01,2025-03-09 08:47AM,-5.2,55,3
YK-01,2025-03-09 12:11:00,0.7,51,1
YK-01,2025-03-09,3.7,63,9
YK-01,2025-03-09 20:50:00,-6.4,90,23
YK-01,2025-03-10 00:21,-0.5,67,5
YK-01,2025/03/10,12.8,93,15
YK-01,2025-03-10,-4.6,80,5
YK-01,2025-03-10 12:45PM,13.4,62,15
YK-01,2025/03/10,11.2,75,9
YK-01,2025-03-10 08:37PM,2.9,93,7
YK-01,2025-03-11,0.9,61,4
YK-01,2025-03-11,9.8,67,7
YK-01,2025-03-11 08:50,0.1,58,12
YK-01,2025-03-11 12:53PM,0.4,70,4
YK-01,2025/03/11,4.7,89,6
YK-01,2025/03/11,-8.0,92,8
YK-01,2025-03-12,-3.8,73,12
YK-01,2025-03-12,3.0,83,7
YK-01,2025-03-12 08:20:00,7.8,57,5
YK-01,2025-03-12,0.1,93,8
YK-01,2025-03-12 16:32:00,3.7,82,15
YK-01,2025-03-12 20:27:00.27,-4.8,72,9
YK-01,2025-03-13 00:46:00.39,10.6,62,6
YK-01,2025-03-13 04:32:00.90,6.3,63,7
YK-01,2025-03-13 08:04:46.13,6.9,63,3
YK-01,2025-03-13 12:59PM,7.9,65,11
YK-01,2025/03/13,5.5,87,2
YK-01,2025-03-13,2.1,88,5
YK-01,2025-03-14 12:03AM,11.9,75,6
YK-01,2025-03-14,6.1,75,5
YK-01,2025-03-14,4.1,50,3
YK-01,2025/03/14,5.1,81,4
YK-01,2025-03-14 16:43:32,4.9,64,2
YK-01,2025-03-14 08:27PM,4.1,70,18
YK-01,2025/03/15,7.9,67,4
YK-01,2025-03-15,-0.4,79,4
YK-01,2025-03-15 08:45,0.0,62,23
YK-01,2025-03-15,8.6,73,1
YK-01,2025-03-15,4.3,79,10
YK-01,2025-03-15,11.0,51,7
YK-01,2025/03/16,7.7,68,3
YK-01,2025/03/16,2.0,93,7
YK-01,2025-03-16 08:36AM,8.7,74,20
YK-01,2025-03-16 12:23:14.57,12.5,63,10
YK-01,2025-03-16,8.0,55,9
YK-01,2025/03/16,9.3,61,2
YK-01,2025/03/17,4.3,69,3
YK-01,2025/03/17,11.3,72,2
YK-01,2025-03-17 08:30,1.9,79,7
YK-01,2025-03-17 12:34:00.68,7.4,79,7
YK-01,2025-03-17 16:59:00,20.8,87,3
YK-01,2025/03/17,8.6,79,12
YK-01,2025/03/18,2.9,90,2
YK-01,2025/03/18,2.9,79,4
YK-01,2025-03-18 08:31:15,5.0,85,7
YK-01,2025-03-18 12:22PM,10.6,83,2
YK-01,2025-03-18,6.3,65,5
YK-01,2025-03-18,1.6,73,4
YK-01,2025-03-19,1.6,63,8
YK-01,2025/03/19,6.4,75,2
YK-01,2025-03-19,5.8,57,1
YK-01,2025-03-19 12:30,8.3,63,2
YK-01,2025-03-19 16:53,11.0,80,12
YK-01,2025/03/19,21.9,51,12
YK-01,2025/03/20,-3.2,53,3
YK-01,2025/03/20,9.7,50,6
YK-01,2025-03-20 08:45AM,6.2,69,7
YK-01,2025-03-20 12:23:00,-5.5,63,2
YK-01,2025-03-20 16:49:00,13.1,89,4
YK-01,2025-03-20 20:31:00.22,8.1,74,6
YK-01,2025-03-21 00:46,10.5,74,1
YK-01,2025-03-21 04:21:00.37,-4.5,52,7
YK-01,2025-03-21 08:22:00,4.3,54,9
YK-01,2025-03-21 12:01,-0.8,87,8
YK-01,2025-03-21 16:26:57,18.6,75,11
YK-01,2025-03-21 08:41PM,12.5,89,9
YK-01,2025/03/22,1.6,87,12
YK-01,2025/03/22,-3.5,87,1
YK-01,2025-03-22,6.9,53,5
YK-01,2025-03-22 12:39:00.61,12.3,56,3
YK-01,2025-03-22 16:32:40,-4.7,79,1
YK-01,2025-03-22,0.1,79,6
YK-01,2025-03-23 12:42AM,-0.9,68,13
YK-01,2025-03-23 04:53:00,11.0,88,4
YK-01,2025-03-23,3.6,84,8
YK-01,2025-03-23 12:38PM,3.8,89,15
YK-01,2025/03/23,6.8,82,5
YK-01,2025/03/23,0.5,82,14
YK-01,2025-03-24 00:54,-2.8,63,13
YK-01,2025-03-24 04:25:00,14.0,87,8
YK-01,2025-03-24 08:34AM,14.6,59,2
YK-01,2025-03-24,6.9,77,1
YK-01,2025-03-24,7.3,63,4
YK-01,2025-03-24 20:23:00.03,13.4,85,5
YK-01,2025/03/25,6.8,87,5
YK-01,2025-03-25,3.3,65,10
YK-01,2025-03-25,6.1,70,4
YK-01,2025-03-25,14.2,77,10
YK-01,2025-03-25 16:56:00.57,6.2,82,19
YK-01,2025/03/25,1.8,55,6
YK-01,2025-03-26 12:44AM,6.8,90,8
YK-01,2025/03/26,9.8,64,18
YK-01,2025-03-26 08:00,9.1,93,11
YK-01,2025-03-26,9.2,52,4
YK-01,2025-03-26 16:45:15,0.9,92,20
YK-01,2025-03-26,10.5,84,8
YK-01,2025-03-27 00:13,6.1,63,4
YK-01,2025/03/27,1.7,51,1
YK-01,2025/03/27,10.5,78,4
YK-01,2025-03-27,3.2,53,7
YK-01,2025/03/27,-3.5,75,3
YK-01,2025/03/27,-0.1,61,3
YK-01,2025/03/28,4.9,51,16
YK-01,2025/03/28,9.4,66,8
YK-01,2025-03-28 08:31:00,0.8,84,2
YK-01,2025-03-28 12:22PM,4.5,59,11
YK-01,2025/03/28,-1.3,71,1
YK-01,2025-03-28 20:50:00.43,11.8,90,7
YK-01,2025/03/29,16.3,92,7
YK-01,2025-03-29 04:57AM,15.6,70,27
YK-01,2025-03-29 08:21:00.08,11.8,64,13
YK-01,2025-03-29,11.1,84,6
YK-01,2025-03-29 04:57PM,-6.5,70,12
YK-01,2025-03-29 20:21,7.0,70,1
YK-01,2025-03-30,3.0,70,7
YK-01,2025-03-30 04:51AM,11.3,93,4
YK-01,2025-03-30 08:41,-9.2,81,7
YK-01,2025/03/30,7.1,54,1
YK-01,2025-03-30,4.7,88,10
YK-01,2025/03/30,12.7,58,9
YK-01,2025/03/31,15.3,67,14
YK-01,2025/03/31,0.4,70,5
YK-01,2025-03-31 08:36,0.7,57,11
YK-01,2025-03-31 12:32:00.15,7.4,93,21
YK-01,2025-03-31,16.4,83,5
YK-01,2025-03-31 20:52:00,6.4,59,2
YK-01,2025-04-01,-1.7,90,10
YK-01,2025-04-01,2.4,73,5
YK-01,2025-04-01,7.2,89,3
YK-01,2025-04-01 12:04:00,7.4,73,3
YK-01,2025-04-01 16:38:00,1.8,81,2
YK-01,2025-04-01 08:03PM,2.2,82,3
YK-01,2025-04-02,0.1,87,9
YK-01,2025/04/02,12.8,93,9
YK-01,2025/04/02,1.0,83,3
YK-01,2025/04/02,3.2,60,26
YK-01,2025-04-02 16:29,3.0,80,7
YK-01,2025-04-02 08:46PM,-3.6,67,8
YK-01,2025/04/03,0.8,72,10
YK-01,2025-04-03,13.4,71,4
YK-01,2025/04/03,-1.3,92,12
YK-01,2025-04-03,0.2,67,1
YK-01,2025-04-03 16:15:00,-2.0,89,2
YK-01,2025/04/03,5.4,90,4
YK-01,2025-04-04 00:49,17.3,88,8
YK-01,2025/04/04,5.2,69,2
YK-01,2025-04-04 08:41:00,6.4,62,2
YK-01,2025-04-04,1.2,94,17
YK-01,2025/04/04,5.6,50,16
YK-01,2025-04-04,13.4,53,2
YK-01,2025-04-05,6.8,73,3
YK-01,2025-04-05 04:18,18.8,85,6
YK-01,2025-04-05 08:27AM,13.5,85,10
YK-01,2025/04/05,5.4,94,5
YK-01,2025-04-05,5.3,51,4
YK-01,2025-04-05 20:25:54,15.7,77,14
YK-01,2025-04-06,6.8,75,4
YK-01,2025-04-06,14.4,72,5
YK-01,2025/04/06,18.0,64,9
YK-01,2025-04-06,4.7,85,10
YK-01,2025/04/06,8.1,76,9
YK-01,2025-04-06 20:11,11.8,55,9
YK-01,2025-04-07 00:52,10.5,84,8
YK-01,2025-04-07,10.5,88,5
YK-01,2025-04-07,-2.1,87,12
YK-01,2025-04-07 12:57:36,0.8,84,10
YK-01,2025/04/07,2.9,85,4
YK-01,2025-04-07 08:46PM,13.2,59,5
YK-01,2025-04-08 12:33AM,-1.5,79,2
YK-01,2025-04-08 04:31,15.0,90,4
YK-01,2025/04/08,10.6,87,2
YK-01,2025-04-08 12:47:00,12.8,78,13
YK-01,2025-04-08 04:24PM,0.3,92,30
YK-01,2025-04-08 20:39:00,6.3,88,2
YK-01,2025-04-09 00:44:00,7.6,53,6
YK-01,2025-04-09 04:52AM,7.4,54,5
YK-01,2025-04-09 08:00AM,7.6,53,1
YK-01,2025/04/09,4.2,85,4
YK-01,2025/04/09,6.7,94,21
YK-01,2025-04-09,12.0,65,7
YK-01,2025-04-10,-1.2,74,6
YK-01,2025-04-10,15.1,63,2
YK-01,2025-04-10 08:54AM,11.7,60,11
YK-01,2025-04-10 12:02:00,0.0,78,4
YK-01,2025/04/10,8.1,83,4
YK-01,2025-04-10 20:25:14,11.2,71,11
YK-01,2025/04/11,-1.7,63,6
YK-01,2025-04-11 04:50:14.36,6.0,73,3
YK-01,2025/04/11,5.3,88,11
YK-01,2025-04-11 12:21:00,1.9,75,7
YK-01,2025-04-11 16:56:00.14,6.3,92,11
YK-01,2025-04-11 20:28,2.1,85,6
YK-01,2025-04-12 12:13AM,13.9,88,31
YK-01,2025/04/12,1.9,65,1
YK-01,2025-04-12 08:04,10.4,87,29
YK-01,2025/04/12,-4.2,81,4
YK-01,2025-04-12 04:48PM,4.7,55,1
YK-01,2025-04-12 20:29:00.84,5.8,83,8
YK-01,2025/04/13,4.5,57,14
YK-01,2025-04-13,3.3,79,9
YK-01,2025/04/13,1.6,76,1
YK-01,2025-04-13 12:11:00.47,10.2,56,1
YK-01,2025/04/13,11.6,76,2
YK-01,2025-04-13,5.1,74,4
YK-01,2025-04-14,-1.0,95,2
YK-01,2025-04-14,16.3,90,5
YK-01,2025-04-14 08:20:32.18,0.3,64,1
YK-01,2025-04-14,-3.2,74,6
YK-01,2025-04-14,-6.5,71,9
YK-01,2025-04-14 20:32:00.90,6.2,67,14
YK-01,2025-04-15,4.2,61,8
YK-01,2025-04-15,11.7,72,16
YK-01,2025/04/15,9.2,94,8
YK-01,2025/04/15,7.2,88,2
YK-01,2025-04-15,3.9,74,5
YK-01,2025-04-15 20:53,12.2,59,4
YK-01,2025-04-16,16.6,79,7
YK-01,2025-04-16,11.5,59,1
YK-01,2025-04-16 08:33AM,2.6,83,15
YK-01,2025-04-16,10.1,95,10
YK-01,2025/04/16,3.0,62,6
YK-01,2025-04-16 20:09,-1.2,78,30
YK-01,2025/04/17,-0.0,87,21
YK-01,2025-04-17 04:18:35.43,3.2,90,10
YK-01,2025-04-17 08:57AM,6.0,94,7
YK-01,2025-04-17 12:31,17.7,58,5
YK-01,2025-04-17 04:00PM,0.1,62,5
YK-01,2025-04-17 20:55:00,13.3,86,3
YK-01,2025-04-18 12:04AM,3.4,63,3
YK-01,2025-04-18 04:44AM,-6.8,86,6
YK-01,2025-04-18 08:03:15,2.2,58,14
YK-01,2025-04-18 12:15:00,12.3,57,6
YK-01,2025-04-18 16:23,7.3,88,2
YK-01,2025-04-18,7.7,89,5
YK-01,2025-04-19 00:54:48,13.1,52,3
YK-01,2025-04-19 04:01,-1.0,89,18
YK-01,2025-04-19 08:48AM,-1.1,82,1
YK-01,2025-04-19 12:27PM,-8.4,81,6
YK-01,2025/04/19,10.4,56,2
YK-01,2025/04/19,8.5,68,5
YK-01,2025-04-20 00:19:00,9.4,83,6
YK-01,2025-04-20 04:23,-2.0,63,12
YK-01,2025/04/20,-4.5,95,4
YK-01,2025/04/20,-2.8,68,6
YK-01,2025-04-20,-0.5,75,15
YK-01,2025-04-20 20:59:00.55,14.4,66,15
YK-01,2025-04-21 00:32,11.0,77,25
YK-01,2025-04-21 04:32:00,2.2,68,3
YK-01,2025-04-21 08:50,6.8,76,25
YK-01,2025/04/21,0.9,68,5
YK-01,2025-04-21 04:36PM,7.2,82,18
YK-01,2025-04-21 08:11PM,-1.9,56,11
YK-01,2025-04-22 00:02:42.02,9.4,78,4
YK-01,2025-04-22 04:00,-0.2,92,22
YK-01,2025-04-22 08:32,9.7,54,16
YK-01,2025-04-22,2.3,79,2
YK-01,2025-04-22,0.1,92,5
YK-01,2025/04/22,14.6,57,10
YK-01,2025-04-23 00:43:00,5.8,91,2
YK-01,2025/04/23,2.8,61,6
YK-01,2025-04-23,9.3,91,14
YK-01,2025/04/23,-3.3,62,6
YK-01,2025-04-23 04:30PM,11.4,75,8
YK-01,2025/04/23,3.9,67,13
YK-01,2025-04-24 00:01,8.3,91,9
YK-01,2025/04/24,-4.6,69,6
YK-01,2025-04-24 08:49,2.4,65,18
YK-01,2025-04-24 12:34:01.82,4.7,86,7
YK-01,2025-04-24,10.8,52,6
YK-01,2025/04/24,8.7,76,17
YK-01,2025-04-25,2.2,64,9
YK-01,2025-04-25 04:07:00.49,6.4,83,2
YK-01,2025-04-25,12.1,94,3
YK-01,2025/04/25,3.3,71,4
YK-01,2025-04-25,2.7,89,13
YK-01,2025/04/25,-6.8,72,12
YK-01,2025-04-26 00:33:12.80,2.7,53,7
YK-01,2025-04-26,-6.0,90,3
YK-01,2025-04-26 08:40,3.7,72,5
YK-01,2025-04-26 12:06PM,10.3,58,16
YK-01,2025-04-26,-8.3,73,6
YK-01,2025-04-26,11.8,70,6
YK-01,2025/04/27,2.3,90,4
YK-01,2025/04/27,4.1,95,14
YK-01,2025/04/27,1.3,65,3
YK-01,2025-04-27,-6.0,74,11
YK-01,2025-04-27 16:28,-0.4,75,4
YK-01,2025-04-27,16.9,94,10
YK-01,2025/04/28,-2.4,58,8
YK-01,2025/04/28,-5.4,64,6
YK-01,2025-04-28 08:20,5.0,88,5
YK-01,2025/04/28,3.6,82,9
YK-01,2025-04-28 16:35:12.06,2.2,50,8
YK-01,2025-04-28,4.2,54,4
YK-01,2025-04-29 00:36:00,7.9,58,15
YK-01,2025/04/29,0.5,93,12
YK-01,2025-04-29 08:23:00,5.2,55,3
YK-01,2025-04-29 12:34PM,10.1,77,3
YK-01,2025-04-29,-2.0,94,1
YK-01,2025/04/29,-9.9,75,12
YK-01,2025-04-30 12:47AM,7.9,77,5
YK-01,2025-04-30 04:35:00.29,18.9,89,7
YK-01,2025-04-30 08:17AM,3.8,64,3
YK-01,2025-04-30 12:48PM,5.1,55,7
YK-01,2025-04-30 16:38:00.72,2.1,76,8
YK-01,2025-04-30 20:31,13.4,87,2
YK-01,2025/05/01,3.2,53,8
YK-01,2025-05-01,2.6,60,8
YK-01,2025/05/01,9.2,70,17
YK-01,2025-05-01,0.8,79,9
YK-01,2025-05-01 04:11PM,-4.0,67,3
YK-01,2025/05/01,9.0,84,3
YK-01,2025-05-02,0.0,52,8
YK-01,2025-05-02 04:12,-2.3,61,5
YK-01,2025/05/02,16.1,76,11
YK-01,2025-05-02,2.5,79,2
YK-01,2025-05-02,6.5,70,12
YK-01,2025-05-02 20:40:00.52,3.7,87,8
YK-01,2025-05-03 00:29,-1.9,70,17
YK-01,2025-05-03 04:16AM,7.5,87,6
YK-01,2025-05-03,5.3,89,3
YK-01,2025-05-03 12:19:00.24,-0.6,64,3
YK-01,2025-05-03 16:47:53,6.0,67,9
YK-01,2025/05/03,0.3,78,2
YK-01,2025/05/04,-3.4,87,25
YK-01,2025-05-04 04:12,-4.0,70,6
YK-01,2025-05-04 08:58:39.58,4.8,66,18
YK-01,2025-05-04 12:18:00,0.9,90,1
YK-01,2025-05-04 16:48,12.2,67,0
YK-01,2025-05-04,3.0,86,4
YK-01,2025-05-05 00:11:00,-1.7,87,9
YK-01,2025-05-05,4.0,61,7
YK-01,2025-05-05 08:18:00.30,-4.7,60,4
YK-01,2025-05-05,2.6,69,9
YK-01,2025/05/05,5.0,58,5
YK-01,2025-05-05 20:06,4.2,50,2
YK-01,2025-05-06 00:27,10.7,52,20
YK-01,2025-05-06,18.5,70,0
YK-01,2025-05-06 08:30:00,6.9,72,8
YK-01,2025-05-06,10.0,58,7
YK-01,2025-05-06,18.2,68,7
YK-01,2025-05-06 20:57:10,-3.1,94,14
YK-01,2025-05-07 00:46,3.5,95,3
YK-01,2025-05-07,-0.2,68,2
YK-01,2025-05-07 08:52AM,7.8,72,14
YK-01,2025-05-07 12:04PM,4.3,76,10
YK-01,2025-05-07 16:34,-2.2,76,18
YK-01,2025-05-07 20:11,2.8,88,6
YK-01,2025/05/08,8.8,85,5
YK-01,2025-05-08 04:51:08,-5.3,61,13
YK-01,2025-05-08 08:58:14,-2.3,76,16
YK-01,2025/05/08,-3.2,95,2
YK-01,2025-05-08 16:35:00.46,4.5,83,24
YK-01,2025/05/08,10.0,82,5
YK-01,2025-05-09,-9.7,77,8
YK-01,2025-05-09,2.9,80,10
YK-01,2025/05/09,-3.2,81,14
YK-01,2025/05/09,8.4,69,11
YK-01,2025-05-09 04:44PM,0.9,89,7
YK-01,2025-05-09 20:52:00,3.1,84,11
YK-01,2025-05-10,2.2,80,5
YK-01,2025/05/10,8.9,80,4
YK-01,2025/05/10,14.5,87,7
YK-01,2025/05/10,-4.6,71,15
YK-01,2025-05-10,-3.6,94,10
YK-01,2025/05/10,4.1,90,5
YK-01,2025-05-11 00:04:00.47,-2.9,58,6
YK-01,2025-05-11 04:34,7.6,58,13
YK-01,2025-05-11 08:22,8.5,64,8
YK-01,2025-05-11 12:28PM,-1.3,62,8
YK-01,2025-05-11 16:42,-2.6,71,8
YK-01,2025/05/11,0.3,65,2
YK-01,2025-05-12 12:17AM,2.4,81,1
YK-01,2025/05/12,3.7,51,14
YK-01,2025-05-12 08:11:00,-11.7,75,7
YK-01,2025/05/12,-4.0,63,8
YK-01,2025-05-12 16:09:00.96,-0.7,87,5
YK-01,2025/05/12,-3.0,83,18
YK-01,2025-05-13 00:43,-15.6,57,4
YK-01,2025-05-13 04:16,-9.8,85,5
YK-01,2025-05-13 08:37,-6.3,70,14
YK-01,2025-05-13 12:06PM,0.9,95,5
YK-01,2025-05-13 16:45:00,-1.1,92,8
YK-01,2025-05-13,-2.2,77,2
YK-01,2025-05-14,6.1,95,3
YK-01,2025-05-14 04:41:00,6.1,93,2
YK-01,2025/05/14,2.3,55,7
YK-01,2025/05/14,2.1,69,8
YK-01,2025/05/14,-3.8,80,8
YK-01,2025-05-14,-3.1,82,6
YK-01,2025/05/15,-9.1,93,6
YK-01,2025/05/15,-0.4,56,4
YK-01,2025-05-15 08:28:00.74,5.9,57,5
YK-01,2025/05/15,9.3,58,2
YK-01,2025-05-15 16:37:00,-0.3,51,9
YK-01,2025/05/15,4.1,66,12
YK-01,2025-05-16,-16.2,94,6
YK-01,2025-05-16 04:47:17.82,-1.7,86,6
YK-01,2025-05-16,-1.8,91,7
YK-01,2025-05-16,9.9,93,18
YK-01,2025-05-16 04:21PM,3.3,66,6
YK-01,2025-05-16,3.9,87,7
YK-01,2025-05-17 12:16AM,3.4,84,31
YK-01,2025/05/17,1.0,88,6
YK-01,2025-05-17,9.9,79,9
YK-01,2025-05-17 12:44,-13.1,55,8
YK-01,2025-05-17 16:03:00.99,1.6,53,5
YK-01,2025-05-17 20:35,7.5,86,9
YK-01,2025/05/18,-10.8,84,2
YK-01,2025-05-18,5.5,58,6
YK-01,2025-05-18 08:30AM,-4.1,55,3
YK-01,2025-05-18 12:18:00.65,1.2,62,9
YK-01,2025-05-18 16:43:00.86,-4.2,71,1
YK-01,2025-05-18 20:53,6.3,77,11
YK-01,2025-05-19 00:38,-1.5,79,0
YK-01,2025/05/19,5.4,85,9
YK-01,2025-05-19 08:09:00,2.9,51,3
YK-01,2025-05-19 12:25PM,-4.5,85,4
YK-01,2025-05-19 16:18:00,3.3,57,6
YK-01,2025-05-19,-3.7,94,18
YK-01,2025-05-20 00:02:00,0.4,91,3
YK-01,2025/05/20,-1.8,58,7
YK-01,2025-05-20 08:12:00,5.4,50,15
YK-01,2025-05-20 12:49PM,3.3,62,7
YK-01,2025-05-20,-0.1,64,10
YK-01,2025-05-20,-4.1,81,14
YK-01,2025-05-21,-7.8,83,4
YK-01,2025-05-21,0.6,92,4
YK-01,2025-05-21 08:07AM,-4.0,80,3
YK-01,2025-05-21 12:40:00.49,-11.5,63,15
YK-01,2025-05-21 16:38:00.80,-8.2,63,20
YK-01,2025-05-21 20:00:49.95,9.6,78,2
YK-01,2025-05-22 00:02:20.00,-4.4,68,8
YK-01,2025/05/22,6.1,76,4
YK-01,2025/05/22,-2.6,58,4
YK-01,2025-05-22 12:56:00.99,7.0,86,10
YK-01,2025/05/22,6.6,86,7
YK-01,2025-05-22 08:48PM,-5.4,92,10
YK-01,2025-05-23 00:24:00.48,-12.6,77,20
YK-01,2025-05-23 04:55:19,-12.1,73,8
YK-01,2025-05-23,-5.5,77,10
YK-01,2025-05-23,10.7,85,13
YK-01,2025-05-23,-3.1,67,4
YK-01,2025-05-23,0.2,74,11
YK-01,2025-05-24,6.9,84,4
YK-01,2025-05-24 04:43:00.42,-0.2,53,2
YK-01,2025-05-24 08:44:00.54,-0.4,63,9
YK-01,2025/05/24,2.8,88,2
YK-01,2025-05-24,0.8,75,7
YK-01,2025-05-24,-1.5,57,6
YK-01,2025-05-25 00:20:00.99,-5.5,73,17
YK-01,2025-05-25 04:15AM,-0.7,65,2
YK-01,2025-05-25,5.4,69,8
YK-01,2025-05-25,9.5,64,3
YK-01,2025-05-25,0.6,56,1
YK-01,2025-05-25 20:59:00.32,3.4,66,1
YK-01,2025/05/26,0.2,71,2
YK-01,2025-05-26 04:35:00.79,-1.9,71,2
YK-01,2025-05-26,1.7,61,1
YK-01,2025-05-26 12:18PM,5.7,67,12
YK-01,2025-05-26 16:19,-6.7,95,14
YK-01,2025-05-26 20:56,-10.1,64,4
YK-01,2025-05-27 00:17,-4.8,86,5
YK-01,2025-05-27 04:46AM,-0.4,65,5
YK-01,2025-05-27 08:40:00,3.6,54,13
YK-01,2025-05-27,-7.6,51,13
YK-01,2025-05-27,-16.6,77,8
YK-01,2025-05-27 20:14:05.51,-4.7,90,8
YK-01,2025-05-28 00:30:00,-3.1,76,4
YK-01,2025-05-28,-8.9,80,1
YK-01,2025-05-28 08:52:00.00,-6.4,90,5
YK-01,2025-05-28 12:53:00.13,3.3,85,15
YK-01,2025-05-28,-1.4,92,4
YK-01,2025-05-28 08:02PM,0.2,50,5
YK-01,2025-05-29 00:15,-4.3,78,11
YK-01,2025-05-29 04:22:55,-6.7,50,5
YK-01,2025-05-29 08:56:00.93,-4.3,57,5
YK-01,2025-05-29,0.8,65,12
YK-01,2025-05-29 16:11:00.20,-11.1,77,1
YK-01,2025-05-29 20:09,7.7,71,2
YK-01,2025-05-30 00:31:00.33,1.0,67,22
YK-01,2025/05/30,-5.6,71,12
YK-01,2025-05-30 08:07AM,2.5,90,13
YK-01,2025-05-30,4.9,61,8
YK-01,2025-05-30 16:11:00,-4.4,68,9
YK-01,2025-05-30 08:23PM,-3.7,74,4
YK-01,2025/05/31,6.3,54,5
YK-01,2025-05-31,10.0,83,13
YK-01,2025-05-31,-2.5,88,5
YK-01,2025-05-31,-9.6,59,4
YK-01,2025-05-31 16:27:00.34,-5.5,56,6
YK-01,2025-05-31 20:35:00,3.5,86,8
YK-01,2025-06-01 00:25:00.41,-9.1,64,16
YK-01,2025-06-01 04:07AM,-4.2,91,35
YK-01,2025/06/01,-1.2,73,3
YK-01,2025-06-01 12:59PM,-8.5,75,11
YK-01,2025/06/01,3.6,75,7
YK-01,2025-06-01 08:27PM,1.2,95,1
YK-01,2025-06-02 00:27:00,8.8,75,18
YK-01,2025-06-02 04:36AM,1.5,59,5
YK-01,2025-06-02 08:40AM,-9.0,66,5
YK-01,2025/06/02,-0.0,63,18
YK-01,2025-06-02 04:26PM,2.7,51,6
YK-01,2025-06-02 20:53:00,3.0,62,15
YK-01,2025/06/03,-8.2,76,5
YK-01,2025-06-03 04:08:20,-8.9,58,10
YK-01,2025/06/03,-10.3,56,6
YK-01,2025/06/03,6.1,59,3
YK-01,2025-06-03 16:19:00,0.2,58,10
YK-01,2025-06-03,-8.4,71,11
YK-01,2025/06/04,-3.0,72,7
YK-01,2025-06-04,-4.5,56,1
YK-01,2025-06-04 08:28:19.67,-9.6,58,2
YK-01,2025/06/04,-3.5,76,4
YK-01,2025-06-04 04:45PM,-2.6,73,17
YK-01,2025-06-04,7.8,78,6
YK-01,2025-06-05,-8.0,66,17
YK-01,2025-06-05 04:17,-14.3,69,13
YK-01,2025-06-05 08:50:00.15,-10.3,56,5
YK-01,2025/06/05,-9.4,92,8
YK-01,2025-06-05,-6.6,89,12
YK-01,2025-06-05,-10.3,56,3
YK-01,2025-06-06,0.6,77,11
YK-01,2025-06-06,-11.0,68,10
YK-01,2025-06-06 08:55:00.21,-4.2,69,3
YK-01,2025-06-06 12:29:00,7.7,93,9
YK-01,2025/06/06,-1.0,88,6
YK-01,2025-06-06 20:58:00,-1.6,89,2
YK-01,2025-06-07,6.5,56,4
YK-01,2025-06-07,2.9,55,4
YK-01,2025-06-07,-1.2,74,19
YK-01,2025-06-07 12:55:00,-6.5,90,2
YK-01,2025-06-07,-4.7,62,4
YK-01,2025-06-07,-5.0,88,9
YK-01,2025-06-08 00:00:00,-7.3,89,7
YK-01,2025-06-08 04:17:12,-3.6,71,6
YK-01,2025-06-08,-2.8,66,6
YK-01,2025/06/08,-12.4,71,13
YK-01,2025-06-08 04:48PM,4.9,83,3
YK-01,2025/06/08,-2.4,57,3
YK-01,2025/06/09,-6.7,94,1
YK-01,2025-06-09 04:25:00,-3.8,67,5
YK-01,2025-06-09,0.4,73,2
YK-01,2025-06-09 12:21,-14.0,91,5
YK-01,2025-06-09,-5.8,51,1
YK-01,2025-06-09 20:26:00,-12.3,51,5
YK-01,2025-06-10 12:48AM,10.5,76,8
YK-01,2025-06-10,-4.6,63,6
YK-01,2025-06-10,-12.5,88,10
YK-01,2025-06-10 12:33:00.14,16.1,61,14
YK-01,2025-06-10 16:40:00,-8.7,81,8
YK-01,2025-06-10,-6.7,77,7
YK-01,2025-06-11 00:00:00.52,-6.6,77,9
YK-01,2025-06-11,-10.8,95,8
YK-01,2025-06-11 08:47AM,-4.3,74,12
YK-01,2025-06-11 12:54PM,-19.0,53,7
YK-01,2025-06-11 04:05PM,0.8,75,2
YK-01,2025/06/11,-12.5,85,14
YK-01,2025-06-12 00:16,-8.5,52,1
YK-01,2025-06-12 04:04:00.04,-1.5,50,11
YK-01,2025-06-12 08:30:00,-7.3,66,9
YK-01,2025-06-12 12:04:00,-7.0,56,9
YK-01,2025/06/12,-12.1,54,7
YK-01,2025/06/12,6.5,68,4
YK-01,2025-06-13,-3.1,88,6
YK-01,2025-06-13,-12.8,95,15
YK-01,2025/06/13,-5.3,83,9
YK-01,2025-06-13 12:52,-13.3,84,9
YK-01,2025-06-13,4.0,65,15
YK-01,2025/06/13,-5.1,89,17
YK-01,2025/06/14,-12.5,88,11
YK-01,2025/06/14,-2.4,76,23
YK-01,2025-06-14 08:16:57,-8.3,90,9
YK-01,2025-06-14,-14.4,87,11
YK-01,2025/06/14,-4.3,74,13
YK-01,2025-06-14 20:08:00.53,-4.5,75,16
YK-01,2025-06-15 00:45:00,-0.1,63,3
YK-01,2025-06-15,-6.5,63,2
YK-01,2025/06/15,-6.3,63,2
YK-01,2025/06/15,-6.0,74,5
YK-01,2025/06/15,2.6,85,13
YK-01,2025-06-15 20:03,-8.8,53,6
YK-01,2025-06-16 00:00:00,-4.4,64,6
YK-01,2025/06/16,-3.5,81,2
YK-01,2025-06-16 08:39,-5.1,67,2
YK-01,2025/06/16,-9.3,63,4
YK-01,2025-06-16,-6.5,50,4
YK-01,2025-06-16 20:27:00.84,-7.8,91,12
YK-01,2025-06-17 00:30:23.31,4.2,69,2
YK-01,2025-06-17,-10.3,59,2
YK-01,2025-06-17,-13.0,59,8
YK-01,2025-06-17,-7.6,73,6
YK-01,2025-06-17 16:57:00.65,-8.0,83,5
YK-01,2025-06-17 08:33PM,-6.3,77,13
YK-01,2025-06-18 00:53:00.14,-10.6,76,5
YK-01,2025-06-18,-7.2,89,7
YK-01,2025-06-18 08:02AM,-7.0,50,4
YK-01,2025-06-18 12:58,-2.4,82,6
YK-01,2025-06-18 04:49PM,-7.3,53,12
YK-01,2025-06-18,-7.2,56,5
YK-01,2025-06-19,-5.0,58,8
YK-01,2025/06/19,-2.9,65,5
YK-01,2025-06-19,-14.0,54,1
YK-01,2025-06-19 12:04:00.16,-15.6,83,4
YK-01,2025/06/19,2.1,72,4
YK-01,2025/06/19,-3.9,92,7
YK-01,2025-06-20,-9.7,74,10
YK-01,2025-06-20 04:56:00,-8.3,62,6
YK-01,2025-06-20 08:16,-10.8,73,5
YK-01,2025-06-20 12:47:00,-7.2,60,8
YK-01,2025-06-20,-14.3,66,7
YK-01,2025-06-20 20:22,-3.4,86,2
YK-01,2025-06-21 00:14,-7.7,62,17
YK-01,2025-06-21 04:36:00,-7.5,76,5
YK-01,2025-06-21 08:20:00.85,-14.1,69,7
YK-01,2025-06-21 12:13:00,-5.6,82,2
YK-01,2025-06-21 04:01PM,-14.0,91,14
YK-01,2025-06-21,-12.9,81,5
YK-01,2025-06-22,-8.5,57,18
YK-01,2025-06-22 04:38:00.36,6.0,78,6
YK-01,2025-06-22,-8.0,89,10
YK-01,2025-06-22 12:59,-24.4,68,5
YK-01,2025-06-22 16:33:00.77,-12.9,55,2
YK-01,2025-06-22,-4.9,93,9
YK-01,2025-06-23 00:49:00,-16.1,88,9
YK-01,2025-06-23,-4.4,90,1
YK-01,2025/06/23,-8.4,70,2
YK-01,2025-06-23 12:29PM,-3.4,71,14
YK-01,2025-06-23,-12.7,91,5
YK-01,2025-06-23 20:26:00.27,-13.2,59,11
YK-01,2025/06/24,-6.3,59,24
YK-01,2025-06-24 04:33:00,-9.7,78,9
YK-01,2025-06-24,-10.1,65,6
YK-01,2025-06-24 12:56:00,-0.2,50,4
YK-01,2025-06-24 16:37:26,-6.0,66,8
YK-01,2025/06/24,-21.6,79,9
YK-01,2025/06/25,-5.2,75,7
YK-01,2025/06/25,-5.8,95,11
YK-01,2025/06/25,-2.8,68,2
YK-01,2025-06-25 12:29,-15.6,70,7
YK-01,2025-06-25 16:54,-8.0,66,6
YK-01,2025/06/25,-9.3,95,4
YK-01,2025/06/26,-16.0,89,9
YK-01,2025-06-26,-4.6,70,2
YK-01,2025-06-26 08:04:00.45,-11.7,90,3
YK-01,2025-06-26 12:28:00,-3.3,89,5
YK-01,2025-06-26 16:03:52.86,-14.7,94,6
YK-01,2025-06-26,-19.0,68,9
YK-01,2025-06-27 12:55AM,-12.0,56,10
YK-01,2025-06-27,-9.2,66,3
YK-01,2025-06-27,-13.8,50,18
YK-01,2025-06-27 12:16:00,-29.0,86,9
YK-01,2025-06-27 04:59PM,-8.3,55,22
YK-01,2025-06-27 20:19:00.86,-8.3,75,16
YK-01,2025/06/28,-6.8,51,4
YK-01,2025/06/28,-13.2,81,2
YK-01,2025/06/28,-13.5,54,2
YK-01,2025-06-28,-2.2,86,1
YK-01,2025/06/28,-20.3,80,8
YK-01,2025-06-28 20:01:00.63,-12.4,61,4
YK-01,2025/06/29,-10.3,84,10
YK-01,2025-06-29 04:42AM,-7.6,79,4
YK-01,2025-06-29 08:42:27,-10.2,55,3
YK-01,2025/06/29,-16.7,64,10
YK-01,2025-06-29,-4.2,64,25
YK-01,2025/06/29,-11.2,65,16
YK-01,2025/06/30,-21.5,69,10
YK-01,2025-06-30 04:56AM,-10.2,62,15
YK-01,2025-06-30 08:22,-8.6,93,9
YK-01,2025/06/30,0.3,91,1
YK-01,2025-06-30 16:15:38.62,-9.0,95,11
YK-01,2025/06/30,-20.4,80,10
YK-01,2025-07-01 00:10,-20.5,83,13
YK-01,2025-07-01 04:53,-4.3,78,4
YK-01,2025-07-01 08:15,-16.6,52,14
YK-01,2025-07-01 12:07,-21.1,58,2
YK-01,2025/07/01,-5.8,60,7
YK-01,2025/07/01,-14.7,60,6
YK-01,2025-07-02 00:03:00,-6.4,74,0
YK-01,2025-07-02,-17.6,71,4
YK-01,2025/07/02,-3.3,91,9
YK-01,2025-07-02 12:02PM,-6.9,95,4
YK-01,2025-07-02 04:31PM,-16.5,58,17
YK-01,2025-07-02 20:02:00,-22.1,69,8
YK-01,2025/07/03,1.4,70,5
YK-01,2025/07/03,-13.7,59,14
YK-01,2025-07-03,-17.0,71,5
YK-01,2025-07-03 12:49:50.88,-4.1,78,2
YK-01,2025-07-03 16:57:00.52,-6.8,58,10
YK-01,2025-07-03 20:50,-5.3,54,2
YK-01,2025-07-04 00:18:56,-13.3,89,4
YK-01,2025-07-04 04:20:00.93,-1.4,60,7
YK-01,2025-07-04 08:04:37,-20.6,50,5
YK-01,2025-07-04,-16.0,91,39
YK-01,2025/07/04,-10.4,50,9
YK-01,2025-07-04 20:41:00,-5.7,88,6
YK-01,2025/07/05,-9.1,95,4
YK-01,2025-07-05 04:20,-13.5,54,9
YK-01,2025-07-05,-15.9,71,14
YK-01,2025-07-05 12:00:00.58,-6.0,75,1
YK-01,2025-07-05,-8.5,55,8
YK-01,2025-07-05,-18.3,81,6
YK-01,2025-07-06 00:11,-18.8,60,11
YK-01,2025-07-06,-16.6,59,7
YK-01,2025/07/06,-17.4,88,9
YK-01,2025-07-06,-7.2,83,23
YK-01,2025/07/06,-10.7,80,12
YK-01,2025/07/06,-10.0,61,5
YK-01,2025-07-07 12:25AM,-12.5,93,3
YK-01,2025/07/07,-12.2,65,6
YK-01,2025/07/07,-23.2,87,3
YK-01,2025-07-07 12:08PM,-8.9,52,7
YK-01,2025-07-07 16:25:35.50,-17.0,51,7
YK-01,2025/07/07,-13.9,54,2
YK-01,2025-07-08 00:46:00,-16.8,60,7
YK-01,2025-07-08,-13.1,74,18
YK-01,2025-07-08 08:21,-10.5,84,7
YK-01,2025/07/08,-20.0,84,5
YK-01,2025/07/08,-12.5,71,11
YK-01,2025/07/08,-16.7,86,6
YK-01,2025-07-09 00:42:00,-6.3,71,6
YK-01,2025-07-09 04:47,-21.0,60,14
YK-01,2025-07-09,-20.3,81,3
YK-01,2025-07-09 12:25,-16.4,84,12
YK-01,2025/07/09,-19.8,80,2
YK-01,2025-07-09 20:00:03,-15.6,94,24
YK-01,2025/07/10,-17.8,57,3
YK-01,2025-07-10,-14.1,69,7
YK-01,2025-07-10 08:34,-8.5,91,16
YK-01,2025-07-10,-14.2,83,2
YK-01,2025/07/10,-13.6,53,4
YK-01,2025-07-10 08:46PM,-20.9,67,12
YK-01,2025-07-11 00:55,-15.7,53,1
YK-01,2025-07-11,-17.4,69,9
YK-01,2025/07/11,-10.8,58,9
YK-01,2025-07-11 12:25:00,-19.5,65,1
YK-01,2025-07-11 16:27,-20.1,75,1
YK-01,2025-07-11,-13.0,87,1
YK-01,2025-07-12 00:13,-3.3,74,8
YK-01,2025/07/12,-16.3,53,4
YK-01,2025-07-12,-14.2,90,1
YK-01,2025-07-12,-9.5,94,13
YK-01,2025-07-12 16:25:00.06,-12.1,90,17
YK-01,2025/07/12,-12.1,87,17
YK-01,2025-07-13 00:58,-16.1,68,7
YK-01,2025-07-13 04:55:58.79,-16.0,63,1
YK-01,2025-07-13,-20.0,70,1
YK-01,2025/07/13,-12.6,64,2
YK-01,2025/07/13,-12.7,52,4
YK-01,2025-07-13 20:46,-11.2,86,16
YK-01,2025/07/14,-18.7,95,9
YK-01,2025-07-14 04:45,-10.8,65,7
YK-01,2025-07-14 08:42:00,-9.0,63,7
YK-01,2025-07-14 12:46:00.20,-23.1,58,13
YK-01,2025/07/14,-17.6,56,12
YK-01,2025-07-14 08:44PM,-8.8,63,7
YK-01,2025/07/15,-20.0,55,14
YK-01,2025/07/15,-12.9,70,4
YK-01,2025/07/15,-16.1,64,12
YK-01,2025-07-15,-14.1,57,14
YK-01,2025-07-15 04:50PM,-15.9,83,13
YK-01,2025-07-15,-11.6,89,3
YK-01,2025-07-16,-22.5,50,6
YK-01,2025-07-16 04:54:06,-21.9,81,1
YK-01,2025/07/16,-7.6,54,2
YK-01,2025-07-16 12:27:00,-3.8,79,5
YK-01,2025-07-16 16:09:00,-16.4,71,7
YK-01,2025-07-16 08:38PM,-6.1,69,9
YK-01,2025-07-17 00:56,-21.3,65,2
YK-01,2025-07-17 04:16:54.70,-19.9,56,6
YK-01,2025-07-17,-8.0,56,13
YK-01,2025/07/17,-11.9,51,8
YK-01,2025-07-17 16:25,-7.1,63,10
YK-01,2025/07/17,-13.9,80,7
YK-01,2025-07-18,-23.1,90,3
YK-01,2025-07-18 04:16AM,-15.7,63,3
YK-01,2025-07-18,-9.8,54,6
YK-01,2025/07/18,-17.8,60,11
YK-01,2025-07-18 16:24:00,-18.7,89,3
YK-01,2025-07-18,-14.1,54,4
YK-01,2025-07-19 00:09,-20.7,78,7
YK-01,2025-07-19 04:02:00.49,-15.5,60,20
YK-01,2025-07-19 08:40,-16.9,54,8
YK-01,2025/07/19,-20.2,81,8
YK-01,2025-07-19 16:17:00,-11.4,85,5
YK-01,2025-07-19 20:46,-13.4,64,20
YK-01,2025-07-20,-19.7,68,7
YK-01,2025-07-20 04:46,-17.7,71,13
YK-01,2025-07-20 08:21,-19.2,83,3
YK-01,2025-07-20,-21.4,66,6
YK-01,2025-07-20 16:46:00,-27.8,61,36
YK-01,2025/07/20,-20.5,74,7
YK-01,2025-07-21,-21.6,66,5
YK-01,2025-07-21 04:48:00,-17.2,59,14
YK-01,2025-07-21 08:43,-15.2,77,5
YK-01,2025-07-21,-22.7,67,5
YK-01,2025-07-21 04:41PM,-15.6,67,1
YK-01,2025-07-21 08:40PM,-23.6,94,1
YK-01,2025-07-22 12:36AM,-18.9,81,9
YK-01,2025-07-22,-21.8,63,4
YK-01,2025-07-22,-13.7,65,10
YK-01,2025-07-22,-17.5,67,9
YK-01,2025-07-22 16:33,-18.8,65,7
YK-01,2025/07/22,-21.9,66,5
YK-01,2025-07-23 00:55,-20.4,56,3
YK-01,2025-07-23 04:58:48,-7.5,61,3
YK-01,2025-07-23 08:44AM,-21.5,83,2
YK-01,2025-07-23 12:05PM,-15.6,59,6
YK-01,2025-07-23,-19.1,54,20
YK-01,2025/07/23,-15.8,70,26
YK-01,2025-07-24,-13.7,52,3
YK-01,2025-07-24 04:52:30,-20.9,68,12
YK-01,2025-07-24,-14.5,94,16
YK-01,2025-07-24 12:20:30,-2.2,93,4
YK-01,2025/07/24,-15.4,84,11
YK-01,2025-07-24 20:05,-9.1,55,15
YK-01,2025/07/25,-16.2,63,2
YK-01,2025-07-25 04:47,-24.6,53,9
YK-01,2025/07/25,-17.4,94,3
YK-01,2025-07-25,-21.0,67,10
YK-01,2025-07-25 16:10,-22.6,78,7
YK-01,2025/07/25,-19.5,84,1
YK-01,2025-07-26 00:30:00.36,-20.3,87,4
YK-01,2025/07/26,-25.7,65,3
YK-01,2025-07-26,-3.1,69,14
YK-01,2025-07-26 12:08:00.87,-14.5,73,6
YK-01,2025-07-26 16:54:00.62,-17.9,84,3
YK-01,2025-07-26 20:02:00.92,-18.8,93,10
YK-01,2025/07/27,-12.4,68,5
YK-01,2025/07/27,-7.2,53,8
YK-01,2025-07-27 08:39,-15.5,82,6
YK-01,2025/07/27,-18.9,51,25
YK-01,2025-07-27 16:35:00.77,-10.8,62,8
YK-01,2025-07-27 20:23,-18.8,94,11
YK-01,2025-07-28,-17.3,79,14
YK-01,2025-07-28 04:05AM,-13.9,83,6
YK-01,2025-07-28 08:01,-22.2,79,16
YK-01,2025-07-28 12:19PM,-32.3,73,12
YK-01,2025-07-28,-22.5,93,1
YK-01,2025-07-28 08:10PM,-15.3,82,3
YK-01,2025-07-29,-16.0,90,6
YK-01,2025-07-29,-12.1,59,7
YK-01,2025-07-29 08:05AM,-22.5,67,4
YK-01,2025-07-29 12:53:56,-10.7,68,9
YK-01,2025-07-29 04:48PM,-19.1,56,5
YK-01,2025/07/29,-16.5,68,6
YK-01,2025/07/30,-15.0,73,5
YK-01,2025-07-30 04:37,-28.7,64,6
YK-01,2025/07/30,-26.5,90,3
YK-01,2025/07/30,-26.7,91,9
YK-01,2025-07-30 16:01:00,-14.0,72,10
YK-01,2025/07/30,-22.3,53,2
YK-01,2025-07-31,-8.5,87,4
YK-01,2025/07/31,-20.7,53,7
YK-01,2025-07-31,-29.5,54,19
YK-01,2025-07-31,-24.7,90,3
YK-01,2025-07-31 04:44PM,-20.0,93,5
YK-01,2025-07-31,-17.6,72,4
YK-01,2025-08-01 00:04:00,-26.9,89,8
YK-01,2025-08-01 04:05,-17.6,86,3
YK-01,2025-08-01 08:25:00,-16.0,60,4
YK-01,2025/08/01,-24.8,60,25
YK-01,2025-08-01 16:03:00.90,-9.2,62,1
YK-01,2025/08/01,-24.2,63,6
YK-01,2025-08-02,-27.2,57,6
YK-01,2025-08-02,-30.4,74,5
YK-01,2025-08-02 08:19AM,-13.9,67,14
YK-01,2025/08/02,-21.1,93,8
YK-01,2025/08/02,-24.1,93,20
YK-01,2025-08-02,-30.1,67,1
YK-01,2025-08-03 00:00,-23.8,59,9
YK-01,2025/08/03,-7.2,56,8
YK-01,2025/08/03,-34.4,93,10
YK-01,2025-08-03 12:37:00,-25.3,63,13
YK-01,2025-08-03 04:36PM,-10.8,64,17
YK-01,2025-08-03,-14.0,65,23
YK-01,2025-08-04 00:35:00.62,-25.2,51,2
YK-01,2025-08-04 04:12,-20.6,79,9
YK-01,2025-08-04 08:42AM,-19.0,79,14
YK-01,2025-08-04,-21.0,67,6
YK-01,2025-08-04 16:32,-11.1,80,3
YK-01,2025-08-04 20:05:00,-19.7,93,3
YK-01,2025-08-05 00:49,-15.2,62,4
YK-01,2025-08-05,-20.9,69,9
YK-01,2025/08/05,-34.2,84,4
YK-01,2025-08-05 12:04PM,-29.2,72,7
YK-01,2025/08/05,-27.9,91,2
YK-01,2025-08-05,-23.5,82,2
YK-01,2025/08/06,-9.8,87,10
YK-01,2025/08/06,-20.1,84,0
YK-01,2025-08-06 08:12AM,-22.9,85,17
YK-01,2025-08-06 12:39PM,-14.9,69,9
YK-01,2025-08-06,-31.0,52,2
YK-01,2025/08/06,-25.2,57,8
YK-01,2025-08-07,-26.4,89,5
YK-01,2025-08-07 04:36AM,-20.2,81,3
YK-01,2025/08/07,-17.2,78,15
YK-01,2025-08-07,-19.7,56,10
YK-01,2025/08/07,-19.6,51,4
YK-01,2025-08-07 20:10:00,-24.7,70,3
YK-01,2025-08-08,-20.9,55,21
YK-01,2025-08-08 04:23:00.46,-27.8,77,9
YK-01,2025-08-08 08:37AM,-18.7,91,7
YK-01,2025-08-08 12:54PM,-25.8,85,3
YK-01,2025-08-08 16:34,-29.5,81,3
YK-01,2025-08-08 20:29:00.94,-22.6,94,25
YK-01,2025-08-09,-34.5,91,11
YK-01,2025-08-09 04:48AM,-14.2,95,6
YK-01,2025-08-09,-18.3,58,2
YK-01,2025/08/09,-21.0,60,4
YK-01,2025-08-09,-32.8,72,9
YK-01,2025-08-09,-27.2,60,14
YK-01,2025-08-10 00:13,-23.0,51,7
YK-01,2025-08-10 04:52,-24.9,52,14
YK-01,2025-08-10,-33.4,60,7
YK-01,2025-08-10 12:10:00,-31.2,84,13
YK-01,2025-08-10,-25.0,64,5
YK-01,2025-08-10 20:33:00.92,-31.0,92,14
YK-01,2025-08-11,-15.3,60,5
YK-01,2025-08-11 04:34,-20.6,80,11
YK-01,2025-08-11,-28.3,77,8
YK-01,2025-08-11 12:00,-16.5,77,1
YK-01,2025-08-11 16:39:00.80,-17.7,81,4
YK-01,2025-08-11 08:21PM,-21.8,74,31
YK-01,2025-08-12 00:59:00.36,-24.0,69,10
YK-01,2025-08-12 04:28AM,-25.5,77,4
YK-01,2025-08-12 08:07:00.62,-27.0,74,2
YK-01,2025/08/12,-31.8,60,7
YK-01,2025-08-12 04:40PM,-14.6,68,10
YK-01,2025-08-12,-26.9,77,4
YK-01,2025-08-13 00:13:00,-23.8,50,8
YK-01,2025-08-13 04:59,-29.5,54,15
YK-01,2025-08-13 08:29:00.97,-25.5,59,3
YK-01,2025-08-13,-6.9,91,4
YK-01,2025-08-13 16:20,-28.3,95,1
YK-01,2025-08-13,-15.3,83,16
YK-01,2025-08-14 00:04:00.93,-24.4,85,5
YK-01,2025-08-14 04:18,-20.1,51,20
YK-01,2025-08-14 08:58,-16.8,67,0
YK-01,2025-08-14 12:13:00,-22.6,62,8
YK-01,2025-08-14,-26.3,54,10
YK-01,2025/08/14,-25.3,69,10
YK-01,2025/08/15,-25.4,51,12
YK-01,2025/08/15,-13.3,60,8
YK-01,2025-08-15 08:41:54.67,-33.3,79,7
YK-01,2025-08-15 12:24,-35.1,81,1
YK-01,2025-08-15 16:17:00,-34.7,81,6
YK-01,2025-08-15,-29.8,87,8
YK-01,2025-08-16 00:07,-20.5,77,4
YK-01,2025-08-16 04:38:00.49,-20.1,59,3
YK-01,2025/08/16,-28.3,71,10
YK-01,2025-08-16,-24.8,66,11
YK-01,2025-08-16 16:31,-31.4,71,3
YK-01,2025-08-16,-30.8,92,5
YK-01,2025-08-17 00:37:00,-21.4,68,9
YK-01,2025-08-17,-18.6,66,4
YK-01,2025-08-17 08:22:00.58,-27.7,73,7
YK-01,2025-08-17,-15.1,85,8
YK-01,2025/08/17,-19.1,81,22
YK-01,2025-08-17 20:24,-15.3,95,6
YK-01,2025-08-18 00:16:00.89,-26.9,85,1
YK-01,2025-08-18 04:32:08.90,-16.0,77,2
YK-01,2025-08-18 08:46AM,-12.0,63,4
YK-01,2025-08-18,-27.6,85,5
YK-01,2025/08/18,-26.0,55,14
YK-01,2025-08-18,-30.8,58,6
YK-01,2025-08-19,-32.2,70,10
YK-01,2025-08-19 04:39,-32.1,61,17
YK-01,2025-08-19 08:39:00.58,-30.2,79,11
YK-01,2025-08-19 12:50:00.94,-23.7,80,5
YK-01,2025/08/19,-29.9,89,6
YK-01,2025-08-19 20:50:00,-23.8,53,7
YK-01,2025/08/20,-23.9,80,18
YK-01,2025-08-20,-28.3,76,14
YK-01,2025-08-20 08:02,-25.9,74,13
YK-01,2025-08-20,-28.7,54,9
YK-01,2025/08/20,-27.4,55,8
YK-01,2025-08-20 08:07PM,-30.4,54,6
YK-01,2025-08-21 00:41:35.92,-25.2,76,2
YK-01,2025-08-21 04:51,-29.3,57,11
YK-01,2025-08-21 08:14:16.06,-32.7,58,4
YK-01,2025-08-21 12:46:00.81,-22.2,64,12
YK-01,2025/08/21,-22.0,85,1
YK-01,2025-08-21 08:32PM,-19.0,90,3
YK-01,2025-08-22,-32.1,56,13
YK-01,2025-08-22,-28.8,81,18
YK-01,2025/08/22,-24.5,57,12
YK-01,2025/08/22,-28.9,64,3
YK-01,2025-08-22 16:35:00.43,-22.5,86,14
YK-01,2025/08/22,-22.9,68,3
YK-01,2025-08-23,-23.2,88,14
YK-01,2025/08/23,-17.4,55,2
YK-01,2025-08-23,-22.2,68,5
YK-01,2025-08-23 12:36:03.02,-25.2,77,0
YK-01,2025-08-23,-27.3,66,3
YK-01,2025-08-23,-26.9,91,11
YK-01,2025-08-24 00:32,-32.7,68,23
YK-01,2025-08-24 04:03AM,-36.9,80,15
YK-01,2025-08-24 08:21:00,-23.5,60,12
YK-01,2025-08-24 12:01PM,-19.0,64,2
YK-01,2025-08-24 04:09PM,-28.3,59,5
YK-01,2025/08/24,-16.8,92,20
YK-01,2025-08-25 00:58,-27.5,72,7
YK-01,2025-08-25,-38.2,52,2
YK-01,2025-08-25,-21.0,52,5
YK-01,2025/08/25,-29.4,67,1
YK-01,2025-08-25 16:37:00,-20.4,74,13
YK-01,2025/08/25,-34.2,92,2
YK-01,2025-08-26 00:30,-24.2,69,7
YK-01,2025-08-26,-31.5,78,2
YK-01,2025-08-26 08:35:00,-25.5,71,8
YK-01,2025-08-26 12:44PM,-22.1,64,12
YK-01,2025-08-26 16:23:00,-23.5,88,4
YK-01,2025-08-26 20:51,-26.3,59,17
YK-01,2025/08/27,-35.1,70,11
YK-01,2025-08-27 04:14AM,-22.5,78,10
YK-01,2025/08/27,-20.7,81,16
YK-01,2025-08-27 12:07:10.69,-33.1,59,8
YK-01,2025-08-27 16:04:00,-32.2,62,5
YK-01,2025-08-27 20:28:00,-20.4,72,9
YK-01,2025/08/28,-28.3,72,2
YK-01,2025-08-28 04:03AM,-32.2,80,13
YK-01,2025-08-28 08:11:14,-25.4,53,13
YK-01,2025-08-28 12:44,-30.8,52,6
YK-01,2025-08-28 16:01:59.44,-26.1,70,4
YK-01,2025-08-28 20:26,-29.5,51,8
YK-01,2025/08/29,-29.2,53,2
YK-01,2025-08-29 04:50:00.26,-20.5,50,5
YK-01,2025-08-29 08:50:00.68,-42.0,64,16
YK-01,2025-08-29 12:35,-23.9,82,3
YK-01,2025-08-29,-21.5,55,17
YK-01,2025-08-29,-30.9,56,9
YK-01,2025-08-30,-21.7,68,10
YK-01,2025/08/30,-33.1,93,4
YK-01,2025-08-30,-31.3,50,3
YK-01,2025-08-30 12:19PM,-32.0,88,5
YK-01,2025-08-30 16:10:00,-21.6,68,20
YK-01,2025-08-30 20:09:00,-37.8,94,4
YK-01,2025-08-31,-17.7,75,1
YK-01,2025-08-31,-29.3,93,7
YK-01,2025-08-31 08:05:00.29,-23.8,61,15
YK-01,2025-08-31 12:07:00.47,-24.3,71,8
YK-01,2025-08-31,-26.6,62,21
YK-01,2025-08-31 20:46:00,-31.1,77,11
YK-01,2025-09-01 00:25:00,-20.2,63,8
YK-01,2025-09-01 04:45:58.56,-30.8,71,5
YK-01,2025-09-01,-32.1,79,10
YK-01,2025-09-01 12:11:00.14,-22.4,93,1
YK-01,2025-09-01 16:25:00,-26.8,69,20
YK-01,2025-09-01 20:12:00,-19.5,93,12
YK-01,2025/09/02,-28.2,76,12
YK-01,2025-09-02 04:17AM,-31.7,87,6
YK-01,2025-09-02,-26.2,91,17
YK-01,2025/09/02,-30.5,90,6
YK-01,2025/09/02,-31.5,83,4
YK-01,2025-09-02 08:39PM,-22.8,88,7
YK-01,2025-09-03 12:59AM,-17.0,90,12
YK-01,2025/09/03,-29.4,93,4
YK-01,2025-09-03 08:11AM,-33.8,86,3
YK-01,2025-09-03,-28.9,50,3
YK-01,2025-09-03 16:35:00.96,-24.9,64,5
YK-01,2025-09-03 20:47,-26.4,81,13
YK-01,2025/09/04,-20.9,57,8
YK-01,2025-09-04,-24.1,82,2
YK-01,2025-09-04 08:55,-34.7,67,28
YK-01,2025-09-04,-31.1,94,2
YK-01,2025/09/04,-36.4,78,5
YK-01,2025-09-04 20:41:00,-21.2,81,3
YK-01,2025/09/05,-40.2,82,4
YK-01,2025-09-05 04:27:00.74,-35.9,54,7
YK-01,2025-09-05 08:30,-31.3,67,6
YK-01,2025/09/05,-24.9,59,3
YK-01,2025-09-05 04:08PM,-31.4,85,8
YK-01,2025/09/05,-30.4,82,9
YK-01,2025-09-06,-30.4,72,11
YK-01,2025-09-06 04:28:00.47,-27.3,89,7
YK-01,2025-09-06 08:13AM,-35.7,54,9
YK-01,2025/09/06,-34.1,83,11
YK-01,2025/09/06,-18.3,73,4
YK-01,2025-09-06,-26.0,66,24
YK-01,2025-09-07,-23.9,80,20
YK-01,2025-09-07,-28.1,56,12
YK-01,2025-09-07,-29.3,66,5
YK-01,2025/09/07,-25.8,77,1
YK-01,2025/09/07,-24.1,87,1
YK-01,2025-09-07 20:20,-23.4,71,5
YK-01,2025/09/08,-29.4,64,20
YK-01,2025-09-08,-22.9,86,6
YK-01,2025/09/08,-43.4,64,3
YK-01,2025-09-08 12:53:00.39,-23.3,74,3
YK-01,2025-09-08 16:22:00.74,-31.2,70,20
YK-01,2025-09-08 20:56:01.06,-25.3,87,5
YK-01,2025-09-09 12:00AM,-32.6,51,19
YK-01,2025/09/09,-36.7,76,3
YK-01,2025-09-09 08:54AM,-26.7,81,3
YK-01,2025-09-09 12:50,-37.7,70,4
YK-01,2025-09-09 16:39,-31.1,53,10
YK-01,2025/09/09,-33.6,93,11
YK-01,2025-09-10 12:20AM,-29.9,68,4
YK-01,2025-09-10,-24.1,51,4
YK-01,2025/09/10,-31.8,75,2
YK-01,2025-09-10,-27.0,83,2
YK-01,2025-09-10 16:08:14.29,-24.4,63,3
YK-01,2025/09/10,-32.5,64,18
YK-01,2025-09-11 12:51AM,-32.5,69,3
YK-01,2025-09-11 04:56:00,-20.7,83,7
YK-01,2025-09-11,-29.4,85,5
YK-01,2025/09/11,-25.9,68,3
YK-01,2025-09-11,-25.9,58,10
YK-01,2025-09-11,-36.1,56,4
YK-01,2025-09-12,-33.6,79,13
YK-01,2025-09-12,-26.8,62,13
YK-01,2025-09-12 08:25,-41.5,76,4
YK-01,2025-09-12,-30.3,93,12
YK-01,2025-09-12,-34.2,84,12
YK-01,2025-09-12 20:01:00,-22.4,62,5
YK-01,2025/09/13,-27.1,64,5
YK-01,2025-09-13 04:17:00.05,-22.0,95,9
YK-01,2025-09-13,-29.4,58,23
YK-01,2025-09-13,-29.8,94,15
YK-01,2025/09/13,-31.0,72,7
YK-01,2025-09-13 20:16:00.07,-32.2,85,1
YK-01,2025-09-14,-13.1,89,6
YK-01,2025-09-14 04:58:29,-24.4,52,1
YK-01,2025-09-14 08:43:00,-35.6,83,1
YK-01,2025-09-14 12:58:00,-13.4,68,3
YK-01,2025-09-14 04:50PM,-31.7,77,7
YK-01,2025-09-14,-27.3,72,4
YK-01,2025-09-15,-23.7,89,16
YK-01,2025-09-15,-38.6,94,7
YK-01,2025/09/15,-34.3,56,4
YK-01,2025-09-15 12:51PM,-19.4,90,11
YK-01,2025-09-15,-30.7,61,3
YK-01,2025-09-15 08:52PM,-23.3,63,7
YK-01,2025-09-16 00:23:00.62,-32.1,95,0
YK-01,2025/09/16,-30.0,64,3
YK-01,2025-09-16,-18.7,52,15
YK-01,2025/09/16,-26.8,64,9
YK-01,2025-09-16,-31.5,73,8
YK-01,2025-09-16 20:21,-33.5,95,10
YK-01,2025/09/17,-33.0,57,15
YK-01,2025-09-17,-22.0,54,6
YK-01,2025-09-17,-24.9,53,4
YK-01,2025-09-17 12:20,-36.4,63,12
YK-01,2025-09-17 16:48:00,-29.0,65,6
YK-01,2025-09-17,-29.9,69,4
YK-01,2025-09-18 00:16:00.13,-27.7,73,5
YK-01,2025/09/18,-33.2,55,9
YK-01,2025-09-18 08:40:05,-23.0,80,1
YK-01,2025-09-18 12:48PM,-29.6,55,9
YK-01,2025-09-18 16:19,-27.3,84,2
YK-01,2025/09/18,-34.3,64,4
YK-01,2025-09-19,-34.0,78,2
YK-01,2025-09-19 04:27:00.15,-13.7,52,11
YK-01,2025-09-19 08:39:00,-18.8,60,8
YK-01,2025-09-19 12:48,-30.0,52,2
YK-01,2025/09/19,-20.4,77,12
YK-01,2025-09-19 20:00:09.71,-22.3,59,1
YK-01,2025/09/20,-33.4,82,5
YK-01,2025-09-20 04:12:02.50,-34.0,65,2
YK-01,2025/09/20,-25.7,59,6
YK-01,2025-09-20 12:22,-28.1,82,4
YK-01,2025-09-20 16:50:00,-32.1,85,2
YK-01,2025-09-20 20:58:00,-25.4,52,7
YK-01,2025-09-21,-38.4,54,3
YK-01,2025-09-21 04:18:00,-29.0,61,1
YK-01,2025-09-21 08:31AM,-37.2,93,1
YK-01,2025-09-21 12:29,-37.0,62,5
YK-01,2025/09/21,-34.0,73,5
YK-01,2025-09-21 20:48:00,-27.6,93,3
YK-01,2025/09/22,-33.8,81,17
YK-01,2025-09-22,-37.1,65,8
YK-01,2025/09/22,-26.9,81,9
YK-01,2025/09/22,-20.8,94,3
YK-01,2025-09-22,-26.0,86,3
YK-01,2025-09-22 20:18:00.71,-19.0,85,8
YK-01,2025-09-23 00:17:00,-21.4,70,5
YK-01,2025-09-23,-32.8,61,8
YK-01,2025/09/23,-26.0,70,5
YK-01,2025/09/23,-30.4,70,11
YK-01,2025-09-23,-23.5,92,7
YK-01,2025-09-23,-30.4,55,6
YK-01,2025-09-24,-34.6,58,9
YK-01,2025/09/24,-21.6,50,19
YK-01,2025-09-24 08:27:00.31,-28.0,61,11
YK-01,2025-09-24 12:48,-33.9,63,2
YK-01,2025/09/24,-32.9,55,6
YK-01,2025-09-24 20:29:00.11,-33.9,50,6
YK-01,2025-09-25 12:37AM,-35.9,71,8
YK-01,2025-09-25 04:50:00,-32.8,83,5
YK-01,2025-09-25 08:03AM,-27.7,60,6
YK-01,2025/09/25,-29.5,52,7
YK-01,2025-09-25,-32.5,91,8
YK-01,2025/09/25,-20.9,55,2
YK-01,2025/09/26,-42.0,55,2
YK-01,2025/09/26,-28.1,69,23
YK-01,2025-09-26,-30.8,70,1
YK-01,2025/09/26,-35.8,51,7
YK-01,2025-09-26 16:09:30,-27.7,75,11
YK-01,2025-09-26,-31.3,80,3
YK-01,2025-09-27 00:18:43,-22.5,75,15
YK-01,2025/09/27,-24.8,81,7
YK-01,2025/09/27,-18.5,59,19
YK-01,2025-09-27,-32.9,72,3
YK-01,2025-09-27 04:32PM,-21.6,55,6
YK-01,2025/09/27,-37.0,72,4
YK-01,2025-09-28 00:54:13,-30.6,77,4
YK-01,2025-09-28 04:27,-32.8,79,4
YK-01,2025/09/28,-26.4,63,5
YK-01,2025-09-28 12:49:00.21,-26.5,86,5
YK-01,2025/09/28,-35.4,81,11
YK-01,2025/09/28,-26.0,83,11
YK-01,2025-09-29,-32.3,90,1
YK-01,2025-09-29 04:00,-34.9,93,4
YK-01,2025-09-29 08:56,-30.1,71,9
YK-01,2025-09-29 12:54:00.31,-38.9,80,8
YK-01,2025-09-29 16:02,-24.4,56,5
YK-01,2025-09-29 20:23,-30.3,90,6
YK-01,2025-09-30 00:22,-30.2,70,5
YK-01,2025-09-30 04:58:12.16,-30.5,65,12
YK-01,2025-09-30 08:07AM,-20.1,69,11
YK-01,2025-09-30 12:53,-20.9,92,5
YK-01,2025/09/30,-21.9,93,6
YK-01,2025-09-30,-30.5,68,5
YK-01,2025-10-01,-36.7,81,6
YK-01,2025-10-01 04:02,-30.1,64,13
YK-01,2025-10-01 08:50AM,-28.1,54,5
YK-01,2025-10-01 12:32,-25.1,60,4
YK-01,2025-10-01 16:27,-28.1,64,6
YK-01,2025-10-01 20:46,-36.2,78,5
YK-01,2025-10-02,-33.2,94,3
YK-01,2025/10/02,-33.8,53,10
YK-01,2025/10/02,-26.8,85,11
YK-01,2025-10-02 12:31,-26.6,72,7
YK-01,2025/10/02,-25.8,64,4
YK-01,2025-10-02 08:13PM,-28.2,95,12
YK-01,2025-10-03 00:31,-42.3,93,2
YK-01,2025/10/03,-40.3,52,5
YK-01,2025-10-03 08:45:00.48,-30.8,81,22
YK-01,2025/10/03,-29.4,59,7
YK-01,2025-10-03 04:15PM,-22.5,89,5
YK-01,2025-10-03 20:03,-29.5,87,9
YK-01,2025-10-04 00:51:00,-35.8,71,9
YK-01,2025-10-04 04:36AM,-26.0,63,14
YK-01,2025-10-04 08:53:52,-30.1,66,3
YK-01,2025-10-04,-32.4,70,9
YK-01,2025-10-04,-39.7,64,6
YK-01,2025-10-04,-29.5,64,7
YK-01,2025-10-05,-28.6,50,6
YK-01,2025-10-05,-35.9,73,6
YK-01,2025-10-05 08:17AM,-25.5,61,1
YK-01,2025-10-05 12:06PM,-26.0,59,5
YK-01,2025-10-05,-29.7,95,6
YK-01,2025-10-05 20:06:00.00,-29.9,91,8
YK-01,2025-10-06 00:32:00.71,-24.3,91,7
YK-01,2025-10-06 04:22,-27.7,80,7
YK-01,2025-10-06,-34.1,60,10
YK-01,2025-10-06 12:18PM,-31.1,65,16
YK-01,2025-10-06 04:47PM,-26.6,58,5
YK-01,2025-10-06 20:18:00,-42.1,63,3
YK-01,2025-10-07,-35.5,68,12
YK-01,2025/10/07,-25.8,80,9
YK-01,2025-10-07 08:59:00.36,-22.6,58,5
YK-01,2025-10-07,-23.8,85,12
YK-01,2025-10-07,-24.5,88,3
YK-01,2025/10/07,-29.1,75,5
YK-01,2025-10-08 00:46,-36.0,57,5
YK-01,2025-10-08 04:04AM,-31.0,73,13
YK-01,2025-10-08 08:19:00.61,-41.8,57,8
YK-01,2025-10-08 12:10:02,-22.1,68,2
YK-01,2025-10-08 04:41PM,-34.8,79,27
YK-01,2025/10/08,-33.1,71,9
YK-01,2025-10-09,-23.5,58,4
YK-01,2025/10/09,-39.5,93,15
YK-01,2025/10/09,-37.0,53,6
YK-01,2025/10/09,-28.2,86,6
YK-01,2025/10/09,-26.7,57,6
YK-01,2025-10-09 20:04:00,-30.3,50,6
YK-01,2025-10-10 00:36:00,-30.0,77,6
YK-01,2025-10-10 04:37:31,-22.2,55,6
YK-01,2025-10-10 08:29,-26.0,85,4
YK-01,2025-10-10,-26.8,60,3
YK-01,2025-10-10 16:33:00,-25.1,54,7
YK-01,2025-10-10,-31.6,73,4
YK-01,2025-10-11,-16.7,67,8
YK-01,2025-10-11 04:34AM,-43.6,69,15
YK-01,2025-10-11 08:51AM,-21.0,77,6
YK-01,2025-10-11 12:57:00.93,-24.3,62,7
YK-01,2025/10/11,-28.2,54,13
YK-01,2025-10-11 08:43PM,-29.3,79,5
YK-01,2025-10-12,-30.6,50,4
YK-01,2025-10-12 04:16AM,-23.1,71,0
YK-01,2025/10/12,-29.9,67,7
YK-01,2025-10-12 12:29:00,-34.0,95,4
YK-01,2025-10-12 16:55:00,-24.3,54,5
YK-01,2025-10-12 20:58:00.78,-20.2,80,1
YK-01,2025-10-13 00:45,-41.2,55,5
YK-01,2025-10-13 04:22AM,-15.5,76,2
YK-01,2025/10/13,-35.8,74,2
YK-01,2025-10-13 12:16:00,-35.4,78,3
YK-01,2025-10-13,-37.1,77,2
YK-01,2025-10-13,-29.6,65,11
YK-01,2025/10/14,-37.2,61,13
YK-01,2025-10-14,-36.5,69,7
YK-01,2025-10-14,-33.7,67,19
YK-01,2025-10-14 12:39,-28.7,83,5
YK-01,2025-10-14 16:01:00.81,-28.1,72,3
YK-01,2025/10/14,-22.1,94,6
YK-01,2025-10-15 00:24,-22.2,76,3
YK-01,2025/10/15,-23.3,66,7
YK-01,2025-10-15 08:08:00.53,-31.0,70,10
YK-01,2025-10-15,-40.5,89,3
YK-01,2025-10-15 16:21,-40.7,80,16
YK-01,2025/10/15,-23.4,52,23
YK-01,2025-10-16 00:45:00,-24.3,66,20
YK-01,2025-10-16,-33.1,75,1
YK-01,2025-10-16,-38.0,72,4
YK-01,2025-10-16 12:57:37,-35.7,55,8
YK-01,2025/10/16,-28.4,77,2
YK-01,2025-10-16 20:44:00.63,-28.3,57,2
YK-01,2025/10/17,-23.1,94,1
YK-01,2025/10/17,-32.0,57,7
YK-01,2025-10-17,-30.8,68,8
YK-01,2025-10-17 12:10,-22.6,87,13
YK-01,2025-10-17 16:05,-42.1,78,9
YK-01,2025-10-17,-27.4,72,10
YK-01,2025-10-18 00:20,-31.2,81,1
YK-01,2025-10-18 04:41:58.68,-25.0,59,8
YK-01,2025/10/18,-26.2,76,6
YK-01,2025-10-18 12:40:00,-33.4,50,4
YK-01,2025/10/18,-32.3,88,5
YK-01,2025-10-18,-43.0,78,8
YK-01,2025/10/19,-24.6,94,11
YK-01,2025-10-19,-27.7,52,21
YK-01,2025-10-19,-20.7,86,8
YK-01,2025-10-19 12:37:00,-31.5,80,11
YK-01,2025-10-19 16:57,-23.7,60,11
YK-01,2025-10-19 08:11PM,-35.6,71,13
YK-01,2025-10-20 00:22,-45.0,67,2
YK-01,2025-10-20,-29.6,84,7
YK-01,2025/10/20,-32.4,55,3
YK-01,2025-10-20 12:21:00,-35.3,52,3
YK-01,2025-10-20 16:20:00.36,-23.7,54,9
YK-01,2025-10-20 08:26PM,-21.8,58,9
YK-01,2025-10-21 00:56:00,-28.3,77,8
YK-01,2025-10-21 04:30AM,-30.0,68,4
YK-01,2025-10-21 08:05AM,-28.6,77,7
YK-01,2025-10-21 12:26:00,-32.9,76,5
YK-01,2025-10-21 16:39,-25.6,62,8
YK-01,2025/10/21,-38.2,87,13
YK-01,2025-10-22 12:11AM,-35.3,92,3
YK-01,2025-10-22,-33.6,70,6
YK-01,2025-10-22 08:56:23,-25.6,76,11
YK-01,2025-10-22 12:52:00.89,-30.6,95,1
YK-01,2025-10-22 16:06,-20.7,55,12
YK-01,2025/10/22,-24.0,87,1
YK-01,2025-10-23 00:44:00.69,-33.5,60,2
YK-01,2025-10-23,-24.9,90,6
YK-01,2025-10-23 08:25:00,-31.2,66,5
YK-01,2025-10-23,-25.9,88,5
YK-01,2025-10-23,-23.6,56,20
YK-01,2025-10-23,-22.0,79,2
YK-01,2025/10/24,-27.4,70,9
YK-01,2025-10-24 04:01:00.57,-19.0,50,20
YK-01,2025-10-24,-26.0,74,12
YK-01,2025-10-24 12:53:00,-27.8,81,8
YK-01,2025/10/24,-30.4,57,7
YK-01,2025-10-24 08:00PM,-32.4,54,4
YK-01,2025-10-25,-26.0,79,4
YK-01,2025-10-25 04:52AM,-27.9,57,2
YK-01,2025-10-25 08:35AM,-26.9,68,13
YK-01,2025/10/25,-25.6,93,2
YK-01,2025/10/25,-26.9,79,6
YK-01,2025/10/25,-16.4,64,5
YK-01,2025-10-26 12:20AM,-31.5,85,7
YK-01,2025-10-26 04:10AM,-25.8,93,10
YK-01,2025-10-26 08:39,-29.7,76,4
YK-01,2025-10-26 12:10,-43.1,62,2
YK-01,2025-10-26 16:35:00.86,-29.5,63,4
YK-01,2025-10-26 20:48:00.02,-34.0,86,3
YK-01,2025-10-27,-28.6,79,21
YK-01,2025-10-27,-28.4,88,15
YK-01,2025-10-27 08:39,-25.9,62,2
YK-01,2025-10-27 12:34:00.00,-31.4,65,5
YK-01,2025-10-27,-30.7,93,3
YK-01,2025-10-27 08:33PM,-24.0,56,4
YK-01,2025-10-28,-32.9,76,4
YK-01,2025/10/28,-39.1,94,3
YK-01,2025-10-28 08:23:00.91,-27.1,84,12
YK-01,2025-10-28 12:53PM,-21.7,64,8
YK-01,2025/10/28,-23.9,77,8
YK-01,2025-10-28 20:04:00,-27.0,84,16
YK-01,2025-10-29 00:55:26,-20.4,56,11
YK-01,2025-10-29 04:32,-21.5,95,6
YK-01,2025-10-29 08:57AM,-29.9,95,8
YK-01,2025/10/29,-26.5,69,13
YK-01,2025-10-29 16:46:30.10,-26.2,81,12
YK-01,2025-10-29 20:19:00.21,-28.5,87,1
YK-01,2025-10-30,-21.0,89,9
YK-01,2025-10-30 04:34:00,-28.7,81,7
YK-01,2025/10/30,-30.8,75,10
YK-01,2025-10-30 12:42,-43.3,88,1
YK-01,2025-10-30,-32.6,69,13
YK-01,2025-10-30 20:58:46,-35.7,67,11
YK-01,2025-10-31 00:44,-27.9,64,5
YK-01,2025/10/31,-35.2,71,19
YK-01,2025-10-31,-24.0,71,2
YK-01,2025-10-31 12:08:34,-21.0,70,7
YK-01,2025-10-31 16:25:00,-27.8,51,4
YK-01,2025-10-31 20:01,-33.6,89,3
YK-01,2025-11-01 00:52,-25.8,92,6
YK-01,2025/11/01,-16.1,67,1
YK-01,2025-11-01,-18.0,72,11
YK-01,2025-11-01,-35.9,62,29
YK-01,2025-11-01 16:16:00.52,-36.1,90,2
YK-01,2025/11/01,-37.7,58,16
YK-01,2025/11/02,-34.2,56,13
YK-01,2025-11-02 04:42AM,-25.8,90,1
YK-01,2025/11/02,-30.7,50,2
YK-01,2025-11-02,-32.4,51,7
YK-01,2025/11/02,-21.1,53,10
YK-01,2025-11-02,-24.2,63,14
YK-01,2025-11-03,-37.4,81,6
YK-01,2025-11-03 04:02:00.48,-21.3,85,7
YK-01,2025/11/03,-24.1,51,2
YK-01,2025-11-03 12:36,-24.0,89,16
YK-01,2025-11-03 16:43,-30.6,63,13
YK-01,2025-11-03 20:43:00.97,-28.3,69,9
YK-01,2025/11/04,-38.8,74,6
YK-01,2025/11/04,-21.8,91,16
YK-01,2025-11-04 08:37:00,-33.0,57,2
YK-01,2025-11-04 12:33:00.57,-32.2,77,8
YK-01,2025-11-04,-32.3,95,21
YK-01,2025-11-04 20:18:35.61,-16.2,70,2
YK-01,2025-11-05 00:36:00,-30.8,72,25
YK-01,2025-11-05 04:43:00.17,-21.2,81,12
YK-01,2025-11-05,-27.0,57,10
YK-01,2025-11-05,-31.8,80,16
YK-01,2025-11-05 16:48:00,-32.9,86,14
YK-01,2025-11-05 20:16,-30.6,65,1
YK-01,2025-11-06 12:09AM,-27.1,89,1
YK-01,2025/11/06,-23.0,91,4
YK-01,2025-11-06 08:54:00.53,-29.5,76,8
YK-01,2025-11-06 12:48:00,-29.7,89,14
YK-01,2025-11-06 04:46PM,-31.9,90,5
YK-01,2025-11-06 20:11:25.94,-33.8,67,3
YK-01,2025-11-07 00:15,-34.1,84,12
YK-01,2025/11/07,-20.5,64,5
YK-01,2025-11-07,-29.6,76,9
YK-01,2025-11-07,-29.1,66,6
YK-01,2025-11-07,-30.5,89,3
YK-01,2025-11-07,-28.4,51,4
YK-01,2025-11-08 12:16AM,-24.1,80,2
YK-01,2025-11-08 04:22,-29.2,86,15
YK-01,2025-11-08,-25.2,90,5
YK-01,2025-11-08 12:53:00.00,-17.8,90,3
YK-01,2025-11-08,-31.2,83,1
YK-01,2025-11-08,-28.9,83,1
YK-01,2025-11-09 00:07:00.42,-22.2,52,2
YK-01,2025-11-09,-17.1,66,8
YK-01,2025-11-09 08:17:00.84,-33.5,63,7
YK-01,2025-11-09 12:24,-36.3,63,5
YK-01,2025-11-09 16:11:00.93,-26.1,95,2
YK-01,2025/11/09,-26.7,87,1
YK-01,2025-11-10,-21.7,84,3
YK-01,2025-11-10,-22.6,50,5
YK-01,2025/11/10,-26.1,78,11
YK-01,2025-11-10 12:44:00,-19.6,53,2
YK-01,2025/11/10,-30.0,82,5
YK-01,2025-11-10,-24.6,66,2
YK-01,2025/11/11,-33.0,77,4
YK-01,2025-11-11 04:09AM,-25.9,75,24
YK-01,2025-11-11 08:15:26.61,-34.5,57,3
YK-01,2025-11-11,-32.4,83,2
YK-01,2025/11/11,-15.4,67,34
YK-01,2025-11-11 20:22:00.47,-36.6,80,10
YK-01,2025/11/12,-26.8,76,9
YK-01,2025-11-12 04:20AM,-20.5,65,3
YK-01,2025/11/12,-12.2,59,23
YK-01,2025-11-12,-24.4,89,2
YK-01,2025-11-12 04:06PM,-24.1,61,14
YK-01,2025-11-12 08:13PM,-25.3,71,15
YK-01,2025/11/13,-18.9,65,17
YK-01,2025-11-13,-22.7,61,19
YK-01,2025/11/13,-28.7,60,5
YK-01,2025/11/13,-18.6,69,8
YK-01,2025/11/13,-28.1,50,7
YK-01,2025/11/13,-34.9,76,3
YK-01,2025-11-14,-34.6,52,5
YK-01,2025-11-14 04:49,-26.3,61,15
YK-01,2025-11-14 08:58:00,-24.5,79,2
YK-01,2025-11-14 12:22,-19.3,58,12
YK-01,2025/11/14,-21.2,86,12
YK-01,2025-11-14,-24.6,50,7
YK-01,2025-11-15,-18.8,91,12
YK-01,2025-11-15,-24.8,53,3
YK-01,2025/11/15,-32.6,64,2
YK-01,2025-11-15 12:38:00.95,-33.9,76,5
YK-01,2025-11-15,-17.2,57,8
YK-01,2025-11-15 08:17PM,-38.3,72,22
YK-01,2025-11-16 12:58AM,-25.8,64,7
YK-01,2025-11-16 04:41,-6.7,76,5
YK-01,2025-11-16,-21.9,80,15
YK-01,2025-11-16 12:16PM,-25.9,88,2
YK-01,2025-11-16 16:13:29,-34.7,57,2
YK-01,2025-11-16,-14.9,79,23
YK-01,2025/11/17,-17.1,91,3
YK-01,2025/11/17,-20.3,67,17
YK-01,2025-11-17,-24.4,53,16
YK-01,2025-11-17 12:59:15.26,-21.0,92,13
YK-01,2025/11/17,-25.3,71,14
YK-01,2025-11-17 08:33PM,-30.3,52,14
YK-01,2025-11-18 00:02:00,-18.5,64,1
YK-01,2025-11-18 04:36:00.55,-24.5,84,8
YK-01,2025-11-18,-21.1,87,7
YK-01,2025-11-18,-24.9,82,4
YK-01,2025-11-18 16:25,-21.4,63,5
YK-01,2025-11-18 20:54:00.59,-24.3,50,6
YK-01,2025-11-19,-24.5,75,5
YK-01,2025-11-19 04:43AM,-23.8,57,16
YK-01,2025-11-19 08:38:00.95,-6.2,65,5
YK-01,2025-11-19 12:14:00,-19.1,87,33
YK-01,2025-11-19,-8.4,59,4
YK-01,2025-11-19,-24.0,91,5
YK-01,2025-11-20 00:03:47.07,-25.6,86,6
YK-01,2025-11-20 04:28,-30.2,75,3
YK-01,2025-11-20 08:21,-14.1,77,6
YK-01,2025-11-20 12:24:00.62,-29.2,61,4
YK-01,2025-11-20,-12.9,69,12
YK-01,2025-11-20,-29.8,63,4
YK-01,2025-11-21 00:32:56,-18.2,95,3
YK-01,2025-11-21,-33.0,84,5
YK-01,2025-11-21 08:44AM,-26.1,78,6
YK-01,2025/11/21,-23.4,61,5
YK-01,2025/11/21,-27.1,67,34
YK-01,2025-11-21 20:01:12,-24.5,93,10
YK-01,2025-11-22 12:54AM,-24.2,51,2
YK-01,2025/11/22,-18.4,51,11
YK-01,2025-11-22 08:41AM,-35.8,66,8
YK-01,2025-11-22 12:33,-26.6,59,10
YK-01,2025-11-22 16:29:00.03,-15.7,67,11
YK-01,2025-11-22 20:58,-19.9,71,17
YK-01,2025-11-23,-15.4,68,6
YK-01,2025-11-23 04:12:00,-18.5,50,6
YK-01,2025-11-23 08:12:00.25,-29.5,73,4
YK-01,2025/11/23,-19.0,85,8
YK-01,2025-11-23 04:31PM,-22.4,74,3
YK-01,2025-11-23,-9.4,85,3
YK-01,2025-11-24 00:34:00,-17.9,80,21
YK-01,2025-11-24,-19.6,80,6
YK-01,2025-11-24 08:38:00,-18.7,51,10
YK-01,2025/11/24,-19.9,68,4
YK-01,2025-11-24 16:51:00.68,-20.1,61,24
YK-01,2025-11-24 20:28,-24.4,59,6
YK-01,2025-11-25,-19.3,80,19
YK-01,2025/11/25,-16.8,94,10
YK-01,2025-11-25 08:52AM,-16.1,71,7
YK-01,2025/11/25,-16.9,72,9
YK-01,2025-11-25,-13.5,72,6
YK-01,2025-11-25,-15.8,64,6
YK-01,2025-11-26 00:55:00,-18.5,75,8
YK-01,2025/11/26,-29.1,52,1
YK-01,2025-11-26 08:46,-29.1,72,4
YK-01,2025-11-26 12:56PM,-23.7,69,12
YK-01,2025-11-26 16:09:00,-22.0,94,12
YK-01,2025-11-26,-13.9,89,29
YK-01,2025/11/27,-38.7,88,14
YK-01,2025/11/27,-28.2,57,13
YK-01,2025/11/27,-23.2,67,9
YK-01,2025-11-27 12:04PM,-28.0,90,15
YK-01,2025-11-27,-26.8,55,8
YK-01,2025-11-27,-25.0,76,7
YK-01,2025-11-28 00:48:01.12,-27.4,85,7
YK-01,2025-11-28 04:02:57.83,-26.4,64,15
YK-01,2025/11/28,-13.6,86,7
YK-01,2025-11-28,-18.1,54,10
YK-01,2025/11/28,-17.2,88,4
YK-01,2025-11-28,-21.9,58,23
YK-01,2025/11/29,-15.4,56,5
YK-01,2025/11/29,-16.4,90,7
YK-01,2025-11-29 08:17,-17.9,69,13
YK-01,2025/11/29,-25.4,59,17
YK-01,2025-11-29 16:24,-24.1,75,7
YK-01,2025-11-29,-15.1,53,12
YK-01,2025/11/30,-24.3,87,3
YK-01,2025-11-30 04:52:00,-28.9,73,8
YK-01,2025/11/30,-24.4,63,12
YK-01,2025-11-30,-11.9,90,18
YK-01,2025/11/30,-24.4,50,2
YK-01,2025-11-30 20:14:58,-19.3,66,3
YK-01,2025-12-01,-24.6,94,1
YK-01,2025/12/01,-16.4,73,2
YK-01,2025-12-01 08:23:00.72,-17.7,76,16
YK-01,2025-12-01,-29.9,56,4
YK-01,2025/12/01,-19.3,58,7
YK-01,2025/12/01,-31.0,92,3
YK-01,2025/12/02,-24.0,84,5
YK-01,2025-12-02,-20.7,61,22
YK-01,2025-12-02 08:36:00,-9.6,70,9
YK-01,2025-12-02 12:42:54,-18.8,52,10
YK-01,2025-12-02,-25.3,64,6
YK-01,2025-12-02 20:05,-22.6,70,15
YK-01,2025-12-03 00:38:00,-14.9,59,14
YK-01,2025-12-03,-24.9,82,6
YK-01,2025/12/03,-13.8,95,7
YK-01,2025-12-03 12:23:25.68,-23.5,55,16
YK-01,2025-12-03 16:10:12,-25.9,51,7
YK-01,2025-12-03,-23.4,78,5
YK-01,2025-12-04 12:33AM,-29.8,89,5
YK-01,2025-12-04,-33.2,82,5
YK-01,2025/12/04,-20.6,53,7
YK-01,2025-12-04 12:51:00.79,-20.5,53,5
YK-01,2025-12-04,-18.6,78,7
YK-01,2025-12-04 08:58PM,-20.7,86,4
YK-01,2025-12-05 00:07:00.73,-5.9,69,9
YK-01,2025-12-05 04:19AM,-18.8,90,10
YK-01,2025/12/05,-28.1,72,11
YK-01,2025-12-05 12:53:00,-26.6,94,10
YK-01,2025-12-05 16:52:16.30,-19.9,67,14
YK-01,2025-12-05,-22.5,74,8
YK-01,2025-12-06 00:44,-26.9,50,7
YK-01,2025-12-06 04:45,-19.9,64,4
YK-01,2025/12/06,-19.8,83,12
YK-01,2025-12-06,-10.0,69,4
YK-01,2025/12/06,-25.1,86,1
YK-01,2025-12-06 20:56:00,-22.1,76,4
YK-01,2025/12/07,-9.7,71,13
YK-01,2025-12-07 04:40AM,-17.3,54,11
YK-01,2025-12-07 08:48AM,-24.8,83,8
YK-01,2025-12-07 12:57PM,-23.6,88,27
YK-01,2025-12-07 16:02:00.76,-26.6,52,9
YK-01,2025-12-07 08:55PM,-18.8,66,4
YK-01,2025-12-08,-12.8,73,3
YK-01,2025-12-08 04:04AM,-9.2,73,10
YK-01,2025-12-08 08:04AM,-27.9,52,18
YK-01,2025-12-08,-13.8,94,7
YK-01,2025-12-08 04:46PM,-18.0,56,9
YK-01,2025-12-08 08:22PM,-20.6,74,10
YK-01,2025-12-09 00:48:17,-21.2,52,28
YK-01,2025-12-09 04:08:33.25,-30.2,64,13
YK-01,2025-12-09 08:34AM,-14.9,78,16
YK-01,2025/12/09,-26.6,78,3
YK-01,2025-12-09 16:57:00,-23.2,59,4
YK-01,2025-12-09 20:48:00.23,-16.2,81,4
YK-01,2025-12-10 00:58,-29.3,72,6
YK-01,2025-12-10,-26.4,88,7
YK-01,2025-12-10,-11.1,58,9
YK-01,2025/12/10,-17.7,86,7
YK-01,2025-12-10,-22.4,89,4
YK-01,2025-12-10 20:16:00,-17.7,63,3
YK-01,2025-12-11,-14.1,53,9
YK-01,2025-12-11,-11.4,69,11
YK-01,2025/12/11,-24.8,77,6
YK-01,2025-12-11 12:34PM,-24.3,63,2
YK-01,2025-12-11 04:37PM,-14.5,93,13
YK-01,2025-12-11,-14.3,83,6
YK-01,2025-12-12,-25.9,62,2
YK-01,2025-12-12,-23.8,80,7
YK-01,2025-12-12,-19.0,82,14
YK-01,2025/12/12,-17.7,88,5
YK-01,2025-12-12 16:03,-17.5,77,0
YK-01,2025-12-12,-26.0,74,6
YK-01,2025/12/13,-17.3,81,4
YK-01,2025-12-13,-21.9,58,8
YK-01,2025/12/13,-24.6,77,7
YK-01,2025-12-13 12:40:35,-17.6,80,5
YK-01,2025-12-13 16:55:00.43,-18.2,66,4
YK-01,2025-12-13,-12.7,72,17
YK-01,2025-12-14,-22.4,62,10
YK-01,2025-12-14 04:27:00.58,-15.9,59,10
YK-01,2025-12-14,-26.7,65,13
YK-01,2025-12-14,-18.9,55,6
YK-01,2025-12-14 16:02:34.87,-14.5,60,20
YK-01,2025-12-14 20:24:47,-14.0,52,9
YK-01,2025/12/15,-13.6,77,8
YK-01,2025/12/15,-12.1,90,9
YK-01,2025-12-15 08:41:00.10,-19.6,64,6
YK-01,2025-12-15 12:08:56.08,-14.0,62,4
YK-01,2025-12-15,-5.8,91,15
YK-01,2025/12/15,-19.8,94,3
YK-01,2025-12-16 12:24AM,-8.4,66,3
YK-01,2025-12-16,-11.4,56,6
YK-01,2025-12-16,-18.3,77,3
YK-01,2025-12-16 12:58,-17.8,87,2
YK-01,2025-12-16 16:33,-16.0,62,3
YK-01,2025-12-16 08:23PM,-11.7,66,4
YK-01,2025-12-17,-14.0,64,9
YK-01,2025/12/17,-19.2,85,6
YK-01,2025-12-17,-28.9,77,13
YK-01,2025-12-17 12:07:00.46,-12.3,64,3
YK-01,2025-12-17 16:58,-28.0,95,3
YK-01,2025-12-17,-24.6,60,8
YK-01,2025-12-18,-18.5,80,4
YK-01,2025-12-18,-23.4,53,5
YK-01,2025/12/18,-14.2,84,3
YK-01,2025-12-18,-17.8,83,3
YK-01,2025-12-18 16:36:00,-11.4,76,4
YK-01,2025-12-18 20:59,-25.7,59,14
YK-01,2025-12-19 00:47:00,-19.7,79,2
YK-01,2025/12/19,-15.7,94,15
YK-01,2025-12-19 08:27AM,-15.5,69,13
YK-01,2025-12-19 12:04:15.73,-11.6,78,5
YK-01,2025-12-19 04:12PM,-21.3,78,7
YK-01,2025/12/19,-18.6,72,9
YK-01,2025-12-20 00:49:00,-12.4,70,11
YK-01,2025-12-20 04:39:00.56,-28.7,92,3
YK-01,2025-12-20 08:44,-13.2,59,12
YK-01,2025-12-20,-10.9,90,7
YK-01,2025-12-20 04:28PM,-23.5,61,3
YK-01,2025/12/20,-17.4,79,7
YK-01,2025-12-21,-6.2,82,3
YK-01,2025-12-21 04:02:38,-11.2,67,7
YK-01,2025-12-21 08:55,-12.5,63,5
YK-01,2025-12-21 12:39:00,-9.2,71,8
YK-01,2025-12-21 16:33,-4.3,70,8
YK-01,2025/12/21,-15.0,50,16
YK-01,2025-12-22,-17.3,92,11
YK-01,2025-12-22,-8.9,64,9
YK-01,2025-12-22,-16.0,85,1
YK-01,2025/12/22,-20.4,71,13
YK-01,2025/12/22,-18.1,81,5
YK-01,2025-12-22,-13.0,95,3
YK-01,2025/12/23,-17.2,82,25
YK-01,2025-12-23 04:15,-16.8,90,4
YK-01,2025-12-23 08:39:00.11,-20.7,88,17
YK-01,2025/12/23,-5.9,72,9
YK-01,2025-12-23,-16.6,92,10
YK-01,2025/12/23,-18.8,51,7
YK-01,2025/12/24,-17.9,51,3
YK-01,2025-12-24,-9.4,87,11
YK-01,2025-12-24,-10.8,78,8
YK-01,2025-12-24,-17.3,95,8
YK-01,2025-12-24 16:42:00,-14.0,52,7
YK-01,2025-12-24 20:44:00,-12.6,88,6
YK-01,2025-12-25 12:24AM,-18.2,56,11
YK-01,2025-12-25,-23.2,85,10
YK-01,2025-12-25 08:41AM,-10.8,78,12
YK-01,2025-12-25 12:35PM,-17.8,86,6
YK-01,2025-12-25,-11.3,85,6
YK-01,2025-12-25,-12.0,72,5
YK-01,2025-12-26,-13.3,94,7
YK-01,2025-12-26,-16.2,65,2
YK-01,2025-12-26 08:04:00.37,-17.4,80,32
YK-01,2025/12/26,-20.5,83,4
YK-01,2025/12/26,-17.3,50,16
YK-01,2025/12/26,-10.2,67,5
YK-01,2025-12-27 00:56,-4.9,89,10
YK-01,2025-12-27,-5.8,92,21
YK-01,2025-12-27 08:30AM,-12.4,64,10
YK-01,2025-12-27 12:22:00,-4.9,66,20
YK-01,2025-12-27,-15.2,93,15
YK-01,2025-12-27 08:09PM,-21.1,59,3
YK-01,2025-12-28,-1.5,69,12
YK-01,2025-12-28 04:42:54,-9.8,55,9
YK-01,2025-12-28 08:52,-22.2,57,4
YK-01,2025-12-28,-3.7,94,14
YK-01,2025-12-28 04:38PM,-17.5,83,2
YK-01,2025-12-28,-16.2,81,14
YK-01,2025-12-29,-6.6,91,12
YK-01,2025-12-29 04:35:00,-4.5,53,8
YK-01,2025-12-29 08:01:00.83,-18.7,93,4
YK-01,2025/12/29,-3.9,88,11
YK-01,2025/12/29,-7.5,69,1
YK-01,2025/12/29,-17.5,73,4
YK-01,2025-12-30,-13.9,73,7
YK-01,2025-12-30,-3.3,75,8
YK-01,2025-12-30 08:01AM,-21.8,74,4
YK-01,2025/12/30,-4.1,85,4
YK-01,2025-12-30 16:12:00.73,-7.3,56,10
YK-01,2025-12-30 20:45:32.94,-9.3,59,3
YK-01,2025-12-31,-11.3,61,5
YK-01,2025-12-31,-0.3,50,2
YK-01,2025-12-31 08:40:17,0.6,74,7
YK-01,2025-12-31 12:16:00.32,-15.8,65,6
YK-01,2025-12-31,-8.4,54,1
YK-01,2025-12-31 20:30,-0.8,68,2
YK-01,2026-01-01,-16.4,53,16
YK-01,2026-01-01,-10.2,55,4
YK-01,2026/01/01,-5.7,75,9
YK-01,2026-01-01 12:44,-23.8,88,3
YK-01,2026-01-01 16:34,-6.7,88,18
YK-01,2026/01/01,-18.2,58,1
YK-01,2026-01-02,-10.2,94,15
YK-01,2026-01-02,-4.5,63,8
YK-01,2026-01-02 08:29:00,-25.7,58,11
YK-01,2026-01-02,-6.7,64,17
YK-01,2026/01/02,0.8,86,8
YK-01,2026-01-02 20:40:00,-14.6,69,21
YK-01,2026-01-03,-7.6,57,16
YK-01,2026-01-03,-3.1,81,11
YK-01,2026-01-03 08:27,-20.6,70,15
YK-01,2026-01-03 12:59PM,-6.5,90,7
YK-01,2026/01/03,-4.9,68,3
YK-01,2026/01/03,-7.2,78,29
YK-01,2026-01-04,-10.2,80,7
YK-01,2026-01-04 04:28:00,-16.8,55,9
YK-01,2026-01-04 08:21:02,-2.4,53,2
YK-01,2026-01-04 12:03,-10.6,92,17
YK-01,2026-01-04,-16.2,78,9
YK-01,2026-01-04 20:31:00,-12.7,91,10
YK-01,2026-01-05 00:35:00.57,-8.2,52,11
YK-01,2026-01-05 04:49AM,-19.8,50,4
YK-01,2026-01-05 08:03:00.47,-10.3,93,17
YK-01,2026-01-05,-13.0,64,9
YK-01,2026-01-05,-2.4,70,1
YK-01,2026-01-05 20:11:00,-21.7,95,15
YK-01,2026/01/06,-4.5,80,7
YK-01,2026-01-06,-1.6,56,4
YK-01,2026/01/06,-21.2,66,2
YK-01,2026/01/06,-20.4,68,5
YK-01,2026-01-06 16:00,0.6,88,5
YK-01,2026-01-06,-15.6,52,16
YK-01,2026-01-07 00:25,8.7,79,5
YK-01,2026-01-07 04:55:54.85,-20.7,84,2
YK-01,2026-01-07 08:58:00.76,-8.8,78,10
YK-01,2026-01-07 12:17:00.55,-10.0,63,16
YK-01,2026-01-07 16:49:00,-11.1,84,6
YK-01,2026-01-07,-7.1,77,24
YK-01,2026-01-08,-6.4,79,15
YK-01,2026/01/08,-10.5,75,17
YK-01,2026-01-08,-15.6,56,10
YK-01,2026-01-08,-3.2,88,9
YK-01,2026-01-08 16:58,-5.8,80,4
YK-01,2026/01/08,-8.8,54,20
YK-01,2026-01-09,-5.6,84,18
YK-01,2026/01/09,-4.6,63,21
YK-01,2026-01-09,-13.8,85,7
YK-01,2026-01-09,-5.9,76,6
YK-01,2026-01-09 16:10:08,-12.5,73,12
YK-01,2026-01-09 08:32PM,-4.4,89,5
YK-01,2026-01-10,-10.1,78,7
YK-01,2026-01-10,-5.2,94,1
YK-01,2026/01/10,-11.5,71,9
YK-01,2026/01/10,-4.9,57,11
YK-01,2026/01/10,-14.8,64,18
YK-01,2026-01-10 20:10,-8.7,54,13
YK-01,2026/01/11,-2.7,53,14
YK-01,2026-01-11,-5.8,60,23
YK-01,2026-01-11,-7.5,67,4
YK-01,2026-01-11 12:33PM,2.2,91,3
YK-01,2026-01-11,-2.5,79,8
YK-01,2026/01/11,-3.5,64,3
YK-01,2026-01-12 00:28:00,-4.4,55,9
YK-01,2026-01-12,-3.6,65,3
YK-01,2026-01-12,1.6,89,3
YK-01,2026-01-12 12:34PM,-10.8,58,2
YK-01,2026-01-12 16:12,-2.3,92,9
YK-01,2026-01-12 20:40,-6.2,83,2
YK-01,2026-01-13 12:38AM,-10.3,76,10
YK-01,2026-01-13,-8.6,62,12
YK-01,2026-01-13,-6.7,85,4
YK-01,2026-01-13 12:28:00,-13.2,76,13
YK-01,2026-01-13 16:28:00,-2.8,58,12
YK-01,2026/01/13,-8.6,54,15
YK-01,2026-01-14 00:51,-7.2,71,4
YK-01,2026-01-14,0.4,80,4
YK-01,2026-01-14 08:01,-6.9,52,11
YK-01,2026/01/14,1.6,79,8
YK-01,2026-01-14 16:13,-10.9,70,9
YK-01,2026/01/14,-14.3,84,18
YK-01,2026-01-15,-9.1,55,13
YK-01,2026-01-15 04:10AM,-24.3,77,12
YK-01,2026-01-15 08:26AM,-2.0,81,11
YK-01,2026-01-15,-13.6,91,14
YK-01,2026/01/15,-11.1,86,6
YK-01,2026-01-15 08:43PM,-3.1,74,3
YK-01,2026-01-16 00:55:00,-6.4,81,4
YK-01,2026-01-16 04:27AM,-9.8,84,4
YK-01,2026-01-16 08:28AM,-19.3,71,0
YK-01,2026/01/16,0.7,73,11
YK-01,2026-01-16 16:46,-2.8,88,6
YK-01,2026/01/16,5.2,79,6
YK-01,2026-01-17 00:36:00,-10.4,81,5
YK-01,2026-01-17 04:58:00,-15.5,80,7
YK-01,2026-01-17,-0.8,72,20
YK-01,2026-01-17,-7.9,89,2
YK-01,2026/01/17,-3.0,82,22
YK-01,2026-01-17 20:56,2.9,74,9
YK-01,2026-01-18 00:04:00.10,-4.2,85,5
YK-01,2026-01-18 04:02:00,-5.5,73,5
YK-01,2026-01-18 08:58:05.47,-5.1,80,3
YK-01,2026-01-18 12:00,-16.3,88,1
YK-01,2026-01-18 16:57:00.91,0.1,95,3
YK-01,2026-01-18 20:59:00.67,0.5,62,7
YK-01,2026-01-19 00:37:00.47,-3.0,59,6
YK-01,2026-01-19,-15.3,72,10
YK-01,2026-01-19 08:33:00,-6.9,67,5
YK-01,2026-01-19,2.4,81,4
YK-01,2026-01-19 04:48PM,-9.6,82,27
YK-01,2026/01/19,0.9,85,4
YK-01,2026-01-20,-5.6,77,4
YK-01,2026-01-20 04:11,-1.7,65,14
YK-01,2026-01-20,-8.4,65,12
YK-01,2026/01/20,-5.4,67,5
YK-01,2026-01-20 16:43:48.89,-3.3,57,13
YK-01,2026-01-20 20:15:00,-12.4,91,8
YK-01,2026/01/21,-4.0,65,5
YK-01,2026/01/21,-21.8,60,11
YK-01,2026-01-21,-9.2,55,7
YK-01,2026-01-21 12:45,-2.4,50,1
YK-01,2026/01/21,1.1,61,11
YK-01,2026-01-21,-2.8,87,6
YK-01,2026-01-22,-13.7,77,19
YK-01,2026/01/22,0.8,94,13
YK-01,2026-01-22 08:07:00.47,-12.2,66,8
YK-01,2026-01-22,-1.7,50,5
YK-01,2026-01-22 16:26,-12.0,81,7
YK-01,2026-01-22 20:45:00.35,-10.0,57,3
YK-01,2026-01-23 00:49:00,-10.8,89,8
YK-01,2026-01-23,-4.2,92,20
YK-01,2026-01-23,-6.2,95,24
YK-01,2026-01-23 12:02:00.48,-2.0,73,16
YK-01,2026-01-23 16:28:00,-5.2,59,8
YK-01,2026/01/23,-14.2,88,2
YK-01,2026-01-24,-3.1,88,7
YK-01,2026-01-24 04:23AM,-15.4,59,14
YK-01,2026/01/24,-10.1,85,12
YK-01,2026-01-24 12:57:59.43,-7.0,74,6
YK-01,2026-01-24,-7.4,59,6
YK-01,2026-01-24 08:19PM,-14.7,68,9
YK-01,2026/01/25,3.7,95,7
YK-01,2026-01-25 04:14,5.4,94,7
YK-01,2026-01-25,9.0,64,7
YK-01,2026-01-25,2.4,65,17
YK-01,2026/01/25,-6.9,51,3
YK-01,2026-01-25,-7.0,78,6
YK-01,2026-01-26,-7.0,53,6
YK-01,2026-01-26,7.7,78,8
YK-01,2026-01-26,-4.9,80,7
YK-01,2026-01-26,3.4,66,7
YK-01,2026-01-26,2.9,59,3
YK-01,2026/01/26,-3.1,76,7
YK-01,2026-01-27,-12.6,90,11
YK-01,2026/01/27,-4.5,64,8
YK-01,2026-01-27 08:59AM,-3.1,93,3
YK-01,2026/01/27,3.7,80,8
YK-01,2026-01-27 16:53,-3.8,70,7
YK-01,2026-01-27 20:52:31,-11.2,90,5
YK-01,2026-01-28 12:52AM,2.3,95,8
YK-01,2026-01-28 04:01,-5.0,94,4
YK-01,2026-01-28 08:23:00,-18.9,75,11
YK-01,2026-01-28,-1.7,87,23
YK-01,2026-01-28 16:10:41,-0.7,85,12
YK-01,2026-01-28 20:12:28.45,-8.7,66,4
YK-01,2026-01-29,-4.5,52,11
YK-01,2026/01/29,0.6,63,13
YK-01,2026-01-29 08:20AM,-1.4,62,9
YK-01,2026-01-29 12:17PM,-12.8,90,10
YK-01,2026-01-29,4.1,76,7
YK-01,2026-01-29,6.8,50,3
YK-01,2026-01-30 12:45AM,-6.2,66,6
YK-01,2026-01-30 04:46:32.51,-14.6,83,3
YK-01,2026-01-30 08:30AM,1.5,63,6
YK-01,2026-01-30 12:37PM,-7.2,66,5
YK-01,2026-01-30 04:31PM,0.1,52,3
YK-01,2026-01-30 20:10,10.1,83,17
YK-01,2026-01-31 12:44AM,-12.1,89,7
YK-01,2026-01-31,-7.6,74,5
YK-01,2026-01-31 08:32:00.27,-4.0,51,2
YK-01,2026-01-31,4.9,83,12
YK-01,2026-01-31 16:37:00,18.5,75,8
YK-01,2026-01-31 20:40:00.62,-1.4,80,25
YK-01,2026-02-01 00:07:27.16,-12.4,58,4
YK-01,2026-02-01 04:10:00,-4.7,79,16
YK-01,2026-02-01,-7.2,69,6
YK-01,2026-02-01 12:50,1.7,70,3
YK-01,2026-02-01,-0.3,78,5
YK-01,2026-02-01 20:40,-8.8,74,8
YK-01,2026/02/02,-7.3,87,5
YK-01,2026-02-02,-4.5,93,3
YK-01,2026-02-02 08:56:12.16,-3.8,74,3
YK-01,2026-02-02 12:45:00.37,-2.6,58,10
YK-01,2026-02-02 16:31:00.68,-2.0,88,3
YK-01,2026-02-02 20:14:00,5.1,93,4
YK-01,2026/02/03,-4.4,75,3
YK-01,2026-02-03 04:53,-5.3,86,9
YK-01,2026-02-03 08:21:00.52,-10.1,65,33
YK-01,2026/02/03,-3.4,86,10
YK-01,2026-02-03,-0.5,61,4
YK-01,2026-02-03 20:32:00.25,-12.4,73,9
YK-01,2026-02-04 00:09:00,-3.9,75,4
YK-01,2026-02-04,5.2,69,8
YK-01,2026-02-04 08:31:00,2.1,58,18
YK-01,2026-02-04 12:49:12.47,0.4,72,7
YK-01,2026-02-04 16:59:00,1.9,88,9
YK-01,2026/02/04,-5.2,78,7
YK-01,2026-02-05 00:01:00,-5.8,80,13
YK-01,2026-02-05,6.1,68,11
YK-01,2026-02-05,3.4,69,5
YK-01,2026-02-05 12:40:00,-6.0,72,11
YK-01,2026-02-05 04:12PM,-12.8,92,8
YK-01,2026/02/05,-5.9,76,5
YK-01,2026-02-06 00:32:00.77,2.0,79,5
YK-01,2026-02-06 04:12:05,-5.3,70,8
YK-01,2026-02-06,0.7,93,9
YK-01,2026-02-06 12:25:00.78,7.2,84,6
YK-01,2026-02-06,-1.9,56,9
YK-01,2026/02/06,0.1,71,4
YK-01,2026-02-07,3.1,59,3
YK-01,2026-02-07,-7.5,72,2
YK-01,2026/02/07,-5.7,64,10
YK-01,2026-02-07 12:25PM,3.3,79,2
YK-01,2026-02-07,-0.8,83,9
YK-01,2026-02-07 20:57:27.25,-0.3,62,5
YK-01,2026/02/08,-0.6,53,6
YK-01,2026-02-08 04:14:16,5.1,67,6
YK-01,2026-02-08 08:33,1.8,72,29
YK-01,2026/02/08,1.9,82,4
YK-01,2026-02-08 04:54PM,6.5,83,3
YK-01,2026-02-08 20:43:00,8.8,83,22
YK-01,2026/02/09,12.9,85,2
YK-01,2026-02-09 04:39AM,-4.0,84,3
YK-01,2026-02-09 08:10AM,14.2,66,13
YK-01,2026-02-09 12:02,-7.1,77,9
YK-01,2026-02-09 16:58:00.16,11.0,63,5
YK-01,2026-02-09 08:05PM,-4.4,83,3
YK-01,2026-02-10 12:08AM,-0.7,60,1
YK-01,2026/02/10,-0.2,62,19
YK-01,2026/02/10,-5.5,82,11
YK-01,2026-02-10 12:38PM,0.2,51,18
YK-01,2026-02-10 16:30:00,-5.2,83,14
YK-01,2026-02-10,-7.7,78,10
YK-01,2026-02-11 00:40:00.24,-0.3,86,4
YK-01,2026-02-11 04:49:00.91,9.4,53,3
YK-01,2026-02-11 08:11:00.36,-1.6,61,15
YK-01,2026-02-11 12:07:00,5.5,75,5
YK-01,2026-02-11 16:07:00.75,-5.2,77,3
YK-01,2026-02-11 20:49:00,-7.8,52,4
YK-01,2026-02-12 00:27,2.9,69,16
YK-01,2026-02-12,10.7,59,3
YK-01,2026-02-12 08:46:00.64,1.4,67,5
YK-01,2026-02-12,5.1,76,6
YK-01,2026-02-12 16:06:00.01,9.1,80,8
YK-01,2026-02-12,-0.1,76,3
YK-01,2026-02-13,-0.6,91,6
YK-01,2026-02-13,3.2,50,13
YK-01,2026-02-13,4.3,55,25
YK-01,2026-02-13 12:05:00,-8.0,60,3
YK-01,2026-02-13,2.1,83,3
YK-01,2026-02-13 20:21,0.4,88,4
YK-01,2026-02-14,-4.2,69,11
YK-01,2026-02-14,0.2,70,3
YK-01,2026-02-14,-6.4,70,6
YK-01,2026-02-14,-8.5,67,6
YK-01,2026-02-14,1.0,70,27
YK-01,2026/02/14,6.0,68,4
YK-01,2026-02-15 12:10AM,-1.3,53,4
YK-01,2026-02-15 04:17:00.31,-5.0,62,11
YK-01,2026-02-15,-4.0,67,9
YK-01,2026-02-15,4.1,78,4
YK-01,2026-02-15 04:22PM,10.8,74,17
YK-01,2026-02-15,5.4,62,2
YK-01,2026-02-16,8.8,76,7
YK-01,2026-02-16 04:24:00.81,-5.3,68,5
YK-01,2026-02-16 08:44AM,0.6,50,6
YK-01,2026/02/16,7.1,87,4
YK-01,2026-02-16 04:57PM,-7.4,68,6
YK-01,2026/02/16,-2.9,50,8
YK-01,2026-02-17 00:54,6.9,89,1
YK-01,2026/02/17,2.8,66,5
YK-01,2026-02-17,-4.6,70,4
YK-01,2026/02/17,-8.6,71,21
YK-01,2026/02/17,9.3,64,9
YK-01,2026-02-17 20:28,-11.1,88,3
YK-01,2026-02-18 12:54AM,5.2,88,5
YK-01,2026-02-18,-1.8,81,6
YK-01,2026-02-18,7.7,53,4
YK-01,2026-02-18 12:31:00,-4.8,93,10
YK-01,2026/02/18,17.1,94,19
YK-01,2026-02-18 20:43:26.00,3.9,81,0
YK-01,2026-02-19 12:17AM,5.0,53,5
YK-01,2026-02-19 04:05AM,-3.0,50,25
YK-01,2026/02/19,0.8,82,5
YK-01,2026-02-19 12:18:11,1.0,56,8
YK-01,2026-02-19,12.4,58,1
YK-01,2026-02-19,4.0,50,16
YK-01,2026-02-20 12:31AM,5.1,65,3
YK-01,2026-02-20,5.0,67,9
YK-01,2026-02-20 08:40AM,5.6,55,3
YK-01,2026-02-20,-6.5,51,0
YK-01,2026-02-20,14.1,58,9
YK-01,2026/02/20,-3.4,53,11
YK-01,2026-02-21 00:09:00.76,1.8,94,6
YK-01,2026/02/21,11.2,72,2
YK-01,2026-02-21 08:34:00.91,13.6,92,28
YK-01,2026-02-21 12:28:00,6.9,94,11
YK-01,2026-02-21,-1.0,92,8
YK-01,2026-02-21,2.8,57,15
YK-01,2026-02-22 00:32:00,3.2,88,4
YK-01,2026-02-22,3.4,74,23
YK-01,2026-02-22 08:11,-5.2,65,11
YK-01,2026-02-22 12:48,9.8,84,14
YK-01,2026-02-22 04:29PM,3.0,66,5
YK-01,2026-02-22 20:20,-2.1,67,3
YK-01,2026/02/23,-0.6,76,8
YK-01,2026-02-23,4.0,64,5
YK-01,2026-02-23 08:23:41,-6.0,66,24
YK-01,2026-02-23 12:19PM,7.7,92,2
YK-01,2026-02-23 16:36:00,3.8,54,17
YK-01,2026-02-23,11.8,65,1
YK-01,2026-02-24 00:27,3.1,64,3
YK-01,2026-02-24,-3.9,91,1
YK-01,2026-02-24,-4.6,95,4
YK-01,2026/02/24,0.3,83,6
YK-01,2026/02/24,0.9,68,4
YK-01,2026-02-24 20:49,-0.8,57,9
YK-01,2026/02/25,3.6,59,6
YK-01,2026-02-25 04:50:00.94,-0.8,54,1
YK-01,2026-02-25 08:31,4.3,75,3
YK-01,2026-02-25 12:40:00,-0.3,71,5
YK-01,2026/02/25,6.6,93,14
YK-01,2026-02-25,0.9,72,7
YK-01,2026-02-26 00:52,10.4,62,5
YK-01,2026-02-26,6.9,58,2
YK-01,2026-02-26 08:35:00.94,4.1,69,8
YK-01,2026/02/26,1.7,77,17
YK-01,2026-02-26 16:14:00,-6.2,93,5
YK-01,2026-02-26,11.4,86,3
YK-01,2026-02-27 12:35AM,-1.0,73,10
YK-01,2026-02-27,3.7,93,15
YK-01,2026-02-27,5.2,82,6
YK-01,2026-02-27,2.0,69,11
YK-01,2026-02-27 16:50:00.72,11.3,79,5
YK-01,2026-02-27 20:50,-4.2,93,11
YK-01,2026-02-28 00:57:00.86,13.7,58,17
YK-01,2026/02/28,7.3,94,13
YK-01,2026-02-28 08:11AM,1.8,66,10
YK-01,2026-02-28 12:02:00.92,1.9,85,21
YK-01,2026-02-28 16:44:00.37,-10.0,63,6
YK-01,2026-02-28 20:17:00.57,-1.8,68,10
YK-01,2026-03-01 12:39AM,1.3,56,6
YK-01,2026-03-01,4.5,52,10
YK-01,2026-03-01,11.0,82,11
YK-01,2026-03-01 12:32:00,15.7,93,13
YK-01,2026-03-01 04:34PM,5.1,81,7
YK-01,2026/03/01,4.7,60,1
YK-01,2026-03-02 12:07AM,0.7,91,6
YK-01,2026-03-02 04:35AM,-6.7,51,11
YK-01,2026-03-02 08:47:00,-0.0,75,9
YK-01,2026-03-02 12:29,2.4,53,10
YK-01,2026-03-02,9.5,66,12
YK-01,2026-03-02 08:41PM,6.7,66,3
YK-01,2026-03-03 12:43AM,5.1,77,12
YK-01,2026-03-03,0.3,79,22
YK-01,2026-03-03 08:13:00.07,-8.1,89,5
YK-01,2026-03-03 12:01,-7.8,72,13
YK-01,2026-03-03 16:54:00,-6.2,95,7
YK-01,2026/03/03,2.0,73,9
YK-01,2026/03/04,9.9,78,13
YK-01,2026-03-04,9.7,53,9
YK-01,2026/03/04,8.7,87,5
YK-01,2026-03-04 12:40:55,0.8,78,9
YK-01,2026-03-04,10.8,68,3
YK-01,2026-03-04,-1.7,76,2
YK-01,2026-03-05 00:46,9.2,78,18
YK-01,2026/03/05,-6.0,85,10
YK-01,2026/03/05,-3.0,84,11
YK-01,2026-03-05 12:38,14.0,55,8
YK-01,2026-03-05 16:24,2.8,72,1
YK-01,2026-03-05 20:19,-0.0,88,17
YK-01,2026-03-06 00:01:00,10.8,95,5
YK-01,2026/03/06,11.5,93,6
YK-01,2026-03-06,1.6,57,16
YK-01,2026-03-06,5.9,51,3
YK-01,2026/03/06,5.0,62,5
YK-01,2026-03-06 20:24:00.46,-12.8,89,5
YK-01,2026-03-07 00:56:00,-4.1,70,3
YK-01,2026-03-07,10.0,80,7
YK-01,2026-03-07 08:01:38.43,-0.7,85,3
YK-01,2026/03/07,7.5,87,18
YK-01,2026-03-07,5.9,76,2
YK-01,2026/03/07,11.6,85,2
YK-01,2026-03-08,-3.7,72,5
YK-01,2026-03-08,6.8,70,7
YK-01,2026-03-08 08:11:00,4.1,62,4
YK-01,2026-03-08,-0.3,86,12
YK-01,2026-03-08 04:35PM,-0.3,75,6
YK-01,2026-03-08 20:44:00.76,5.8,89,10
YK-01,2026/03/09,8.3,56,17
YK-01,2026-03-09 04:46:01.96,5.0,95,21
YK-01,2026-03-09 08:30:39,5.1,88,5
YK-01,2026-03-09,1.6,71,7
YK-01,2026-03-09 04:09PM,2.0,88,9
YK-01,2026/03/09,-0.2,72,6
YK-01,2026/03/10,1.6,79,3
YK-01,2026-03-10,8.3,67,14
YK-01,2026-03-10,8.9,91,3
YK-01,2026-03-10 12:09PM,-3.0,67,15
YK-01,2026-03-10,-0.7,95,10
YK-01,2026-03-10 08:09PM,0.4,59,8
YK-01,2026-03-11 00:11,4.4,88,4
YK-01,2026-03-11,-5.3,79,1
YK-01,2026/03/11,-0.5,75,14
YK-01,2026-03-11 12:00:28,-3.5,56,4
YK-01,2026/03/11,7.2,56,10
YK-01,2026-03-11 08:19PM,4.6,54,10
YK-01,2026-03-12,2.1,50,7
YK-01,2026-03-12,-1.5,95,8
YK-01,2026-03-12 08:11AM,2.2,67,9
YK-01,2026/03/12,1.5,62,8
YK-01,2026-03-12 04:56PM,14.7,74,3
YK-01,2026/03/12,10.9,89,2
YK-01,2026-03-13 12:19AM,0.9,57,4
YK-01,2026-03-13 04:27AM,6.0,59,5
YK-01,2026-03-13 08:56AM,10.7,81,17
YK-01,2026-03-13,0.9,66,2
YK-01,2026/03/13,-3.5,87,19
YK-01,2026/03/13,-5.8,64,23
YK-01,2026/03/14,12.7,64,4
YK-01,2026-03-14,4.0,89,23
YK-01,2026-03-14,6.9,69,6
YK-01,2026-03-14,1.7,64,5
YK-01,2026-03-14 16:48,-2.5,84,17
YK-01,2026-03-14 20:55:11.44,-1.4,55,8
YK-01,2026-03-15,-2.8,79,7
YK-01,2026/03/15,10.3,57,4
YK-01,2026-03-15,14.2,80,4
YK-01,2026-03-15 12:46:00,5.4,81,7
YK-01,2026/03/15,-3.9,94,17
YK-01,2026-03-15,8.2,64,2
YK-01,2026-03-16 12:43AM,12.9,67,6
YK-01,2026-03-16,11.1,62,2
YK-01,2026/03/16,5.1,73,4
YK-01,2026-03-16,3.9,89,11
YK-01,2026-03-16,5.1,63,3
YK-01,2026-03-16,12.6,77,14
YK-01,2026/03/17,9.9,60,3
YK-01,2026/03/17,3.1,55,4
YK-01,2026/03/17,2.9,74,1
YK-01,2026-03-17 12:25,2.5,50,14
YK-01,2026-03-17 16:28:00,-1.0,74,13
YK-01,2026-03-17 08:00PM,13.5,51,2
YK-01,2026-03-18,0.7,81,5
YK-01,2026-03-18 04:34:00.53,8.4,62,5
YK-01,2026/03/18,1.5,82,5
YK-01,2026-03-18 12:36:23.71,2.6,81,23
YK-01,2026-03-18,4.8,73,5
YK-01,2026-03-18 08:58PM,8.7,76,3
YK-01,2026/03/19,4.0,53,1
YK-01,2026-03-19,-1.3,73,3
YK-01,2026-03-19 08:48AM,5.6,72,17
YK-01,2026-03-19,0.9,78,8
YK-01,2026-03-19 16:13,14.8,83,8
YK-01,2026-03-19 20:11:00.73,4.0,70,4
YK-01,2026-03-20 00:41:15.29,1.6,79,15
YK-01,2026/03/20,17.4,75,10
YK-01,2026-03-20 08:52:00.34,10.0,69,5
YK-01,2026-03-20 12:49:00.26,0.2,65,3
YK-01,2026-03-20,0.9,52,6
YK-01,2026-03-20 08:58PM,8.4,86,3
YK-01,2026-03-21,5.9,89,6
YK-01,2026-03-21,11.0,93,7
YK-01,2026-03-21,1.7,74,4
YK-01,2026-03-21 12:49PM,9.9,72,1
YK-01,2026/03/21,-7.8,93,9
YK-01,2026-03-21 20:56:00.54,4.7,50,4
YK-01,2026/03/22,2.0,82,7
YK-01,2026-03-22 04:30,3.0,64,6
YK-01,2026-03-22,5.1,66,21
YK-01,2026-03-22 12:46:00,12.5,83,7
YK-01,2026-03-22 16:42:00.66,-1.2,66,13
YK-01,2026-03-22 20:49:00,-7.4,90,5
YK-01,2026-03-23,-0.5,93,3
YK-01,2026-03-23,11.9,53,10
YK-01,2026/03/23,-4.1,62,4
YK-01,2026-03-23 12:19:00.19,2.3,53,11
YK-01,2026-03-23,10.8,56,2
YK-01,2026-03-23 20:44:31.44,5.4,95,9
YK-01,2026-03-24 00:51:00.34,12.6,58,7
YK-01,2026-03-24 04:15AM,-6.4,72,18
YK-01,2026-03-24 08:49,3.9,82,9
YK-01,2026-03-24,13.8,82,6
YK-01,2026-03-24 16:59:00.23,-0.9,69,12
YK-01,2026/03/24,12.0,53,1
YK-01,2026-03-25 00:07,4.4,50,10
YK-01,2026-03-25 04:49:40,8.5,91,11
YK-01,2026-03-25 08:20:00,13.4,83,12
YK-01,2026-03-25 12:00PM,8.4,76,11
YK-01,2026/03/25,2.3,70,10
YK-01,2026-03-25,9.2,73,5
YK-01,2026-03-26,1.9,64,8
YK-01,2026-03-26 04:31:06,7.5,84,4
YK-01,2026-03-26 08:37:00.88,-1.6,74,3
YK-01,2026-03-26 12:04,6.1,58,5
YK-01,2026-03-26 04:46PM,13.0,66,6
YK-01,2026/03/26,4.1,70,9
YK-01,2026-03-27 00:46:00,12.5,62,16
YK-01,2026-03-27 04:33:00.15,24.5,52,13
YK-01,2026-03-27,5.8,53,8
YK-01,2026-03-27 12:54:25.71,9.6,53,15
YK-01,2026-03-27 04:54PM,8.8,92,7
YK-01,2026-03-27 20:25:00,7.3,77,10
YK-01,2026-03-28 12:42AM,10.7,56,5
YK-01,2026-03-28 04:09,4.5,75,7
YK-01,2026-03-28 08:29AM,2.0,60,6
YK-01,2026/03/28,-3.2,73,2
YK-01,2026-03-28 04:17PM,3.9,92,2
YK-01,2026/03/28,11.4,59,2
YK-01,2026/03/29,0.3,86,8
YK-01,2026-03-29 04:07:20.87,7.5,62,16
YK-01,2026-03-29 08:46:00,5.2,93,15
YK-01,2026-03-29,2.2,91,10
YK-01,2026-03-29 16:48:00,-5.1,88,4
YK-01,2026-03-29 20:11:00.48,14.1,68,3
YK-01,2026/03/30,9.1,68,7
YK-01,2026/03/30,22.0,61,4
YK-01,2026/03/30,12.5,71,2
YK-01,2026-03-30,14.0,86,3
YK-01,2026-03-30 16:03:00.81,-4.5,79,5
YK-01,2026-03-30,-4.6,95,16
YK-01,2026-03-31 00:00,6.2,61,1
YK-01,2026-03-31 04:18AM,-0.9,78,2
YK-01,2026-03-31,1.9,70,5
YK-01,2026-03-31 12:15,21.2,60,4
YK-01,2026-03-31 16:13:00,13.1,86,9
YK-01,2026-03-31,0.4,67,6
YK-01,2026-04-01 00:47:00,-8.2,93,2
YK-01,2026-04-01 04:04:00,-0.1,76,4
YK-01,2026-04-01,2.7,86,8
YK-01,2026-04-01 12:25,4.1,61,11
YK-01,2026-04-01 16:27:00.68,-1.7,72,2
YK-01,2026-04-01 20:01:00.89,12.8,83,8
YK-01,2026/04/02,1.7,87,5
YK-01,2026/04/02,9.9,72,15
YK-01,2026/04/02,6.3,74,4
YK-01,2026-04-02 12:32:53.88,11.6,53,2
YK-01,2026-04-02 16:40:00,4.6,79,4
YK-01,2026/04/02,0.4,79,1
YK-01,2026-04-03,2.4,62,1
YK-01,2026-04-03,2.5,91,9
YK-01,2026-04-03,18.4,63,9
YK-01,2026/04/03,6.5,57,10
YK-01,2026-04-03,6.0,73,4
YK-01,2026-04-03,11.3,67,3
YK-01,2026-04-04 12:40AM,6.0,84,26
YK-01,2026/04/04,12.7,74,7
YK-01,2026-04-04,3.7,66,3
YK-01,2026-04-04 12:33,3.1,81,18
YK-01,2026/04/04,0.1,73,16
YK-01,2026-04-04 08:45PM,17.1,56,10
YK-01,2026/04/05,5.5,62,6
YK-01,2026-04-05,-1.1,76,3
YK-01,2026-04-05,7.1,54,5
YK-01,2026-04-05,2.1,85,14
YK-01,2026-04-05 16:33:25,3.6,75,4
YK-01,2026-04-05,7.8,91,2
YK-01,2026-04-06 00:12:00.49,15.1,94,10
YK-01,2026-04-06 04:40AM,6.6,80,6
YK-01,2026-04-06,1.7,59,4
YK-01,2026-04-06 12:18:00,2.9,95,4
YK-01,2026-04-06 04:44PM,9.9,75,1
YK-01,2026-04-06,-5.8,71,4
YK-01,2026/04/07,-0.3,61,14
YK-01,2026-04-07,7.2,81,3
YK-01,2026-04-07 08:53:11.92,-4.3,76,29
YK-01,2026-04-07 12:06:00.30,4.0,82,7
YK-01,2026/04/07,3.0,69,2
YK-01,2026-04-07 20:20:00.98,11.2,88,8
YK-01,2026/04/08,4.4,90,3
YK-01,2026-04-08 04:00:00.57,13.0,89,10
YK-01,2026-04-08 08:11AM,6.4,62,15
YK-01,2026-04-08 12:57,16.5,63,12
YK-01,2026-04-08,-2.4,93,12
YK-01,2026-04-08 20:14,15.6,89,5
YK-01,2026-04-09 12:20AM,3.4,71,3
YK-01,2026-04-09 04:18:05,14.7,67,10
YK-01,2026-04-09,13.0,78,3
YK-01,2026-04-09,-11.3,92,5
YK-01,2026-04-09 16:24:00.03,8.7,65,3
YK-01,2026/04/09,11.8,95,4
YK-01,2026-04-10 00:48:00.30,13.8,84,10
YK-01,2026-04-10 04:31AM,-1.3,83,4
YK-01,2026-04-10 08:48,9.3,52,10
YK-01,2026-04-10 12:34:52,7.0,53,15
YK-01,2026/04/10,8.4,54,4
YK-01,2026-04-10 20:37:00.86,11.8,59,3
YK-01,2026/04/11,12.7,78,13
YK-01,2026-04-11 04:10:05,1.8,81,8
YK-01,2026-04-11,7.3,80,3
YK-01,2026/04/11,6.0,51,5
YK-01,2026-04-11 16:45:00,4.3,61,9
YK-01,2026-04-11 08:13PM,4.9,76,1
YK-01,2026/04/12,6.9,54,19
YK-01,2026-04-12,2.1,86,12
YK-01,2026-04-12 08:45:44,11.0,76,7
YK-01,2026-04-12,13.3,72,19
YK-01,2026-04-12 16:02:46.40,0.8,82,17
YK-01,2026-04-12 20:20:00.17,13.6,53,6
YK-01,2026-04-13 00:25:00.59,0.7,70,5
YK-01,2026-04-13 04:07AM,11.0,73,5
YK-01,2026-04-13,13.5,93,10
YK-01,2026/04/13,5.1,80,9
YK-01,2026-04-13,0.8,93,1
YK-01,2026-04-13,2.1,73,9
YK-01,2026/04/14,7.7,59,9
YK-01,2026/04/14,17.4,51,6
YK-01,2026/04/14,-4.6,80,7
YK-01,2026-04-14,6.2,74,1
YK-01,2026-04-14,5.0,53,2
YK-01,2026/04/14,2.8,60,3
YK-01,2026-04-15 12:33AM,5.0,66,10
YK-01,2026-04-15 04:47AM,2.3,93,16
YK-01,2026-04-15,13.0,51,9
YK-01,2026-04-15,13.6,55,7
YK-01,2026/04/15,6.0,58,11
YK-01,2026-04-15,4.7,54,0
YK-01,2026-04-16 12:14AM,2.5,69,15
YK-01,2026/04/16,6.0,78,6
YK-01,2026-04-16,16.5,70,13
YK-01,2026-04-16 12:22PM,4.8,58,10
YK-01,2026-04-16 16:05:23.76,0.4,77,3
YK-01,2026/04/16,3.0,57,8
YK-01,2026-04-17 12:49AM,9.9,80,4
YK-01,2026-04-17 04:43AM,1.0,69,9
YK-01,2026/04/17,5.1,76,21
YK-01,2026-04-17 12:42:00,8.2,57,9
YK-01,2026-04-17 16:44:00,1.5,70,3
YK-01,2026-04-17 20:20,-5.2,77,12
YK-01,2026-04-18 00:22,-1.2,72,3
YK-01,2026-04-18 04:42:00,0.1,55,15
YK-01,2026-04-18 08:54:00,3.9,52,3
YK-01,2026/04/18,5.5,54,14
YK-01,2026-04-18 16:46:00,10.2,58,4
YK-01,2026-04-18 08:52PM,-2.1,56,10
YK-01,2026-04-19 00:59,9.2,53,12
YK-01,2026-04-19,2.9,88,8
YK-01,2026-04-19,-5.5,54,5
YK-01,2026/04/19,5.3,60,8
YK-01,2026-04-19 16:10:00.74,13.1,64,6
YK-01,2026-04-19,10.5,83,7
YK-01,2026/04/20,4.6,62,2
YK-01,2026-04-20,11.8,56,11
YK-01,2026-04-20 08:20,6.2,89,8
YK-01,2026/04/20,11.0,55,1
YK-01,2026-04-20 16:21:00,-4.9,88,5
YK-01,2026-04-20 20:18:00.51,-2.4,79,1
YK-01,2026/04/21,9.4,71,7
YK-01,2026-04-21,14.2,74,10
YK-01,2026-04-21,7.5,77,4
YK-01,2026-04-21 12:47:48.72,2.0,69,4
YK-01,2026-04-21 04:52PM,-0.1,88,5
YK-01,2026-04-21 20:51:38.71,3.1,52,4
YK-01,2026-04-22,12.2,54,3
YK-01,2026-04-22 04:26:00,2.8,50,1
YK-01,2026/04/22,11.2,64,3
YK-01,2026-04-22 12:46PM,8.8,75,2
YK-01,2026-04-22,15.2,52,15
YK-01,2026-04-22 20:34:14,6.1,89,16
YK-01,2026-04-23,4.5,90,9
YK-01,2026-04-23 04:15:00.72,11.3,91,14
YK-01,2026-04-23,-0.8,83,3
YK-01,2026-04-23 12:35,2.1,54,10
YK-01,2026-04-23,-5.3,80,9
YK-01,2026-04-23 20:17:00,-2.8,62,8
YK-01,2026-04-24,16.2,92,5
YK-01,2026/04/24,8.8,50,7
YK-01,2026/04/24,-3.6,71,8
YK-01,2026-04-24 12:03:00,11.8,64,8
YK-01,2026/04/24,0.4,75,3
YK-01,2026-04-24 08:24PM,8.5,67,16
YK-01,2026-04-25,8.3,58,7
YK-01,2026-04-25 04:10AM,14.5,50,11
YK-01,2026/04/25,1.3,92,4
YK-01,2026-04-25,0.1,58,9
YK-01,2026-04-25 16:43:49,-11.6,72,7
YK-01,2026-04-25 20:09:00.80,3.8,92,3
YK-01,2026-04-26,8.8,94,7
YK-01,2026-04-26,9.6,51,5
YK-01,2026/04/26,11.9,63,6
YK-01,2026-04-26 12:06,6.1,87,13
YK-01,2026-04-26,7.4,89,6
YK-01,2026-04-26 20:48,4.8,67,12
YK-01,2026-04-27 12:41AM,8.5,65,10
YK-01,2026-04-27,-1.3,78,7
YK-01,2026/04/27,-4.2,93,13
YK-01,2026-04-27 12:35:00,-0.7,60,12
YK-01,2026/04/27,5.6,55,7
YK-01,2026-04-27 20:03:00.68,-3.5,52,8
YK-01,2026-04-28 00:53:00.82,0.3,63,13
YK-01,2026-04-28,0.5,51,10
YK-01,2026-04-28,8.8,81,16
YK-01,2026-04-28 12:00:49.89,8.1,80,6
YK-01,2026-04-28,4.6,60,2
YK-01,2026-04-28,6.8,71,4
YK-01,2026-04-29 12:44AM,6.8,52,1
YK-01,2026-04-29 04:41AM,1.8,80,3
YK-01,2026-04-29 08:46,0.7,82,10
YK-01,2026-04-29 12:58:34.71,13.2,73,6
YK-01,2026-04-29 04:12PM,-10.9,50,3
YK-01,2026-04-29 20:54,-0.5,93,4
YK-01,2026-04-30 00:21:00,2.6,64,8
YK-01,2026/04/30,7.2,86,4
YK-01,2026-04-30,10.7,76,5
YK-01,2026-04-30 12:21:00,15.0,87,2
YK-01,2026-04-30 16:27:13,3.3,76,14
YK-01,2026/04/30,3.7,93,16
YK-01,2026/05/01,5.9,61,3
YK-01,2026/05/01,0.5,52,5
YK-01,2026-05-01,-3.4,79,1
YK-01,2026-05-01 12:09:00,3.1,81,14
YK-01,2026/05/01,8.2,72,2
YK-01,2026-05-01,2.2,51,6
YK-01,2026-05-02 00:56:42,6.0,56,3
YK-01,2026-05-02,-7.7,83,6
YK-01,2026-05-02 08:07,3.7,81,12
YK-01,2026-05-02,1.1,88,10
YK-01,2026-05-02 16:15:00,-4.1,81,10
YK-01,2026-05-02 20:48:00,7.5,92,2
YK-01,2026/05/03,14.5,92,6
YK-01,2026-05-03 04:26:00,9.3,63,23
YK-01,2026-05-03,9.7,52,8
YK-01,2026-05-03 12:03:00.11,7.7,95,7
YK-01,2026/05/03,7.3,81,5
YK-01,2026/05/03,-7.4,92,7
YK-01,2026-05-04,2.5,85,6
YK-01,2026-05-04 04:35:04,6.3,66,20
YK-01,2026-05-04,6.4,52,11
YK-01,2026-05-04,10.9,59,6
YK-01,2026-05-04,-3.0,89,11
YK-01,2026-05-04,6.9,67,3
YK-01,2026-05-05 00:17:00.56,-3.3,52,6
YK-01,2026-05-05,1.8,88,4
YK-01,2026/05/05,2.7,59,10
YK-01,2026-05-05,8.2,58,6
YK-01,2026-05-05 16:32,7.5,95,7
YK-01,2026-05-05,3.8,95,6
YK-01,2026-05-06,-10.0,60,8
YK-01,2026/05/06,5.6,82,11
YK-01,2026-05-06,1.3,85,16
YK-01,2026-05-06 12:48,11.2,75,5
YK-01,2026/05/06,9.8,76,3
YK-01,2026-05-06,-2.7,87,9
YK-01,2026-05-07 12:33AM,6.2,71,2
YK-01,2026-05-07 04:32:00,6.3,75,5
YK-01,2026-05-07 08:54:00,5.9,71,2
YK-01,2026-05-07,5.1,54,34
YK-01,2026/05/07,6.5,84,14
YK-01,2026/05/07,11.7,51,14
YK-01,2026-05-08 00:47:00,-0.8,84,16
YK-01,2026-05-08,-2.9,58,13
YK-01,2026-05-08,7.2,67,8
YK-01,2026-05-08,-8.8,92,8
YK-01,2026-05-08 16:27,6.5,61,15
YK-01,2026/05/08,5.4,52,16
YK-01,2026-05-09 00:31,-11.7,67,3
YK-01,2026/05/09,-1.5,87,6
YK-01,2026/05/09,11.8,56,7
YK-01,2026-05-09 12:08,-6.4,82,13
YK-01,2026-05-09 04:13PM,3.6,55,4
YK-01,2026-05-09,-3.7,67,3
YK-01,2026-05-10,-2.1,94,2
YK-01,2026/05/10,13.7,71,4
YK-01,2026-05-10 08:01AM,2.9,88,5
YK-01,2026-05-10 12:34:00,5.3,58,18
YK-01,2026-05-10,1.5,84,12
YK-01,2026/05/10,-6.9,72,13
YK-01,2026-05-11,-5.1,61,3
YK-01,2026-05-11 04:02,9.0,73,6
YK-01,2026/05/11,2.9,89,11
YK-01,2026-05-11 12:53PM,-2.7,58,7
YK-01,2026-05-11 16:38:00,1.8,62,10
YK-01,2026-05-11 20:40:50,5.9,89,2
YK-01,2026/05/12,4.5,91,7
YK-01,2026/05/12,-2.9,66,11
YK-01,2026-05-12 08:38AM,-7.7,56,3
YK-01,2026-05-12,-0.7,66,1
YK-01,2026-05-12,8.4,73,3
YK-01,2026-05-12 20:45,6.9,51,15
YK-01,2026-05-13 00:18:00,4.0,84,2
YK-01,2026-05-13 04:03:00.04,0.5,77,7
YK-01,2026-05-13,-1.5,68,1
YK-01,2026-05-13 12:37PM,0.7,82,3
YK-01,2026-05-13,6.3,70,8
YK-01,2026-05-13 20:31:00,7.6,59,7
YK-01,2026-05-14,-0.2,95,14
YK-01,2026-05-14,16.6,94,9
YK-01,2026-05-14 08:45:00,1.9,58,3
YK-01,2026-05-14 12:35:00,-0.7,87,6
YK-01,2026-05-14,10.2,55,5
YK-01,2026/05/14,-10.9,91,1
YK-01,2026-05-15,4.0,84,19
YK-01,2026-05-15 04:35:43,0.7,67,7
YK-01,2026-05-15 08:02AM,9.8,68,8
YK-01,2026-05-15 12:08:00.45,4.8,54,11
YK-01,2026-05-15 16:07:42.81,2.0,74,11
YK-01,2026-05-15,5.1,60,12
